arm,m,k,lam,q,p,eps,seed,child_recovered,absorbed,comp_present,cos_child_signed,fire_child_csolo,fire_child_psolo,comp_fire_joint,cos_comp_best,phi_child,rec,eps_star_topk
A,2,1,0.0,0.1,0.1,0.0,0,0,0,0,0.5166,0.0,0.0,0.0,0.2526,107.14,0.2935,0.2
A,2,1,0.0,0.1,0.1,0.0,1,0,0,0,0.4207,0.0,0.0,0.0,0.1623,nan,0.3203,0.2
A,2,1,0.0,0.1,0.1,0.0,2,0,0,0,0.3575,0.0,0.0,0.0,0.5045,45.12,0.3169,0.2
A,2,1,0.0,0.1,0.1,0.0,3,0,0,0,0.4798,0.0,0.0,0.0,0.6159,64.5,0.2915,0.2
A,2,1,0.0,0.1,0.1,0.0,4,0,0,0,0.1871,0.0,0.0,0.0,0.354,nan,0.2949,0.2
A,2,1,0.0,0.1,0.1,0.0,5,0,0,0,0.3879,0.0,0.0,0.0,0.7575,nan,0.3179,0.2
A,2,1,0.0,0.1,0.1,0.0,6,0,0,0,0.0191,0.0,0.0,0.0,-0.0283,nan,0.2842,0.2
A,2,1,0.0,0.1,0.1,0.0,7,0,1,1,0.5297,0.0,1.0,1.0,0.9743,31.98,0.0379,0.2
A,2,1,0.0,0.1,0.1,0.0,8,0,0,0,0.0612,0.0,0.0,0.0,-0.1145,nan,0.2827,0.2
A,2,1,0.0,0.1,0.1,0.0,9,0,1,1,0.5261,0.0,1.0,1.0,0.9733,31.74,0.0381,0.2
A,2,1,0.0,0.1,0.1,0.0,10,0,0,0,-0.1778,0.0,0.0,0.0,0.1486,nan,0.2988,0.2
A,2,1,0.0,0.1,0.1,0.0,11,0,1,1,0.5231,0.0,1.0,1.0,0.9725,31.54,0.0364,0.2
A,2,1,0.0,0.1,0.1,0.0,12,0,0,0,0.3617,0.0,0.0,0.0,0.601,36.53,0.2725,0.2
A,2,1,0.0,0.1,0.1,0.0,13,0,1,1,0.5246,0.0,1.0,1.0,0.9729,31.64,0.0363,0.2
A,2,1,0.0,0.1,0.1,0.0,14,0,0,0,0.3592,0.0,0.0,0.0,0.6201,34.75,0.3135,0.2
A,2,1,0.0,0.1,0.1,0.0,15,0,1,1,0.5318,0.0,1.0,1.0,0.9749,99.2,0.0379,0.2
A,2,1,0.0,0.1,0.1,0.0,16,0,0,0,0.5828,0.0,0.0,0.0,0.0225,nan,0.3267,0.2
A,2,1,0.0,0.1,0.1,0.0,17,0,0,0,0.5244,0.0,0.0,0.0,0.1488,nan,0.292,0.2
A,2,1,0.0,0.1,0.1,0.0,18,0,1,1,0.5211,0.0,1.0,1.0,0.972,31.41,0.0373,0.2
A,2,1,0.0,0.1,0.1,0.0,19,0,0,0,0.2973,0.0,0.0,0.0,0.3745,nan,0.2983,0.2
A,2,1,0.0,0.1,0.1,0.0,20,0,0,0,-0.0411,0.0,0.0,0.0,-0.0372,nan,0.3213,0.2
A,2,1,0.0,0.1,0.1,0.0,21,0,1,1,0.5269,0.0,1.0,1.0,0.9736,31.8,0.0403,0.2
A,2,1,0.0,0.1,0.1,0.0,22,0,1,1,0.5258,0.0,1.0,1.0,0.9733,31.72,0.0392,0.2
A,2,1,0.0,0.1,0.1,0.0,23,0,0,0,0.2077,0.0,0.0,0.0,0.4318,nan,0.3052,0.2
A,2,1,0.0,0.1,0.1,0.05,0,1,0,1,1.0,1.0,0.0,1.0,0.9734,90.0,0.0361,0.2
A,2,1,0.0,0.1,0.1,0.05,1,0,1,1,0.6204,1.0,1.0,1.0,0.9933,38.34,0.0722,0.2
A,2,1,0.0,0.1,0.1,0.05,2,0,0,0,-0.3747,0.0,0.0,0.0,-0.3903,nan,0.3364,0.2
A,2,1,0.0,0.1,0.1,0.05,3,0,1,1,0.6159,1.0,1.0,1.0,0.9926,38.02,0.0737,0.2
A,2,1,0.0,0.1,0.1,0.05,4,0,1,1,0.614,1.0,1.0,1.0,0.9923,104.79,0.0728,0.2
A,2,1,0.0,0.1,0.1,0.05,5,1,0,1,1.0,1.0,0.0,1.0,0.9732,90.0,0.0392,0.2
A,2,1,0.0,0.1,0.1,0.05,6,0,0,0,-0.0714,0.0,0.0,0.0,-0.2246,nan,0.3594,0.2
A,2,1,0.0,0.1,0.1,0.05,7,0,1,1,0.6149,1.0,1.0,1.0,0.9924,37.95,0.068,0.2
A,2,1,0.0,0.1,0.1,0.05,8,0,0,0,0.0326,0.0,0.0,0.0,-0.4049,nan,0.3447,0.2
A,2,1,0.0,0.1,0.1,0.05,9,0,1,1,0.6111,1.0,1.0,1.0,0.9918,37.67,0.0755,0.2
A,2,1,0.0,0.1,0.1,0.05,10,0,1,1,0.6126,1.0,1.0,1.0,0.9921,37.78,0.0742,0.2
A,2,1,0.0,0.1,0.1,0.05,11,0,1,1,0.6171,1.0,1.0,1.0,0.9928,38.1,0.0729,0.2
A,2,1,0.0,0.1,0.1,0.05,12,0,1,1,0.6162,1.0,1.0,1.0,0.9926,38.04,0.0704,0.2
A,2,1,0.0,0.1,0.1,0.05,13,0,0,0,0.3589,0.0,0.0,0.0,-0.0476,nan,0.3721,0.2
A,2,1,0.0,0.1,0.1,0.05,14,0,1,1,0.6144,1.0,1.0,1.0,0.9923,37.91,0.0675,0.2
A,2,1,0.0,0.1,0.1,0.05,15,0,0,0,0.0026,0.0,0.0,0.0,0.4489,nan,0.3525,0.2
A,2,1,0.0,0.1,0.1,0.05,16,0,0,0,0.4046,0.0,0.0,0.0,0.1557,nan,0.3511,0.2
A,2,1,0.0,0.1,0.1,0.05,17,0,1,1,0.6152,1.0,1.0,1.0,0.9925,37.97,0.0737,0.2
A,2,1,0.0,0.1,0.1,0.05,18,0,1,1,0.617,1.0,1.0,1.0,0.9927,38.09,0.0749,0.2
A,2,1,0.0,0.1,0.1,0.05,19,0,1,1,0.6154,1.0,1.0,1.0,0.9925,37.98,0.0694,0.2
A,2,1,0.0,0.1,0.1,0.05,20,1,0,1,1.0,1.0,0.0,1.0,0.9728,90.0,0.0374,0.2
A,2,1,0.0,0.1,0.1,0.05,21,0,0,0,-0.1672,0.0,0.0,0.0,-0.3958,nan,0.3359,0.2
A,2,1,0.0,0.1,0.1,0.05,22,0,1,1,0.6177,1.0,1.0,1.0,0.9929,38.15,0.0724,0.2
A,2,1,0.0,0.1,0.1,0.05,23,0,1,1,0.6169,1.0,1.0,1.0,0.9927,38.09,0.0753,0.2
A,2,1,0.0,0.1,0.1,0.1,0,0,1,1,0.7064,1.0,1.0,1.0,1.0,44.95,0.1042,0.2
A,2,1,0.0,0.1,0.1,0.1,1,0,1,1,0.7051,1.0,1.0,1.0,1.0,44.84,0.1075,0.2
A,2,1,0.0,0.1,0.1,0.1,2,0,1,1,0.7053,1.0,1.0,1.0,1.0,44.85,0.0942,0.2
A,2,1,0.0,0.1,0.1,0.1,3,0,0,0,0.2102,0.0,0.0,0.0,0.1405,nan,0.417,0.2
A,2,1,0.0,0.1,0.1,0.1,4,0,1,1,0.7072,1.0,1.0,1.0,1.0,45.01,0.0984,0.2
A,2,1,0.0,0.1,0.1,0.1,5,0,0,0,-0.3698,0.0,0.0,0.0,-0.0928,nan,0.376,0.2
A,2,1,0.0,0.1,0.1,0.1,6,0,1,1,0.7068,1.0,1.0,1.0,1.0,44.97,0.1033,0.2
A,2,1,0.0,0.1,0.1,0.1,7,0,1,1,0.7084,1.0,1.0,1.0,1.0,45.1,0.095,0.2
A,2,1,0.0,0.1,0.1,0.1,8,0,1,1,0.7085,1.0,1.0,1.0,1.0,45.11,0.0957,0.2
A,2,1,0.0,0.1,0.1,0.1,9,0,1,1,0.7039,1.0,1.0,1.0,1.0,44.74,0.1054,0.2
A,2,1,0.0,0.1,0.1,0.1,10,0,1,1,0.707,1.0,1.0,1.0,1.0,44.99,0.0986,0.2
A,2,1,0.0,0.1,0.1,0.1,11,0,0,0,0.1125,0.0,0.0,0.0,0.0952,nan,0.3877,0.2
A,2,1,0.0,0.1,0.1,0.1,12,0,1,1,0.7063,1.0,1.0,1.0,1.0,44.93,0.1074,0.2
A,2,1,0.0,0.1,0.1,0.1,13,0,1,1,0.7564,0.0,0.0,1.0,1.0,98.91,0.094,0.2
A,2,1,0.0,0.1,0.1,0.1,14,0,0,0,0.0308,0.0,0.0,0.0,0.0924,nan,0.3994,0.2
A,2,1,0.0,0.1,0.1,0.1,15,0,1,1,0.7063,1.0,1.0,1.0,1.0,44.93,0.0981,0.2
A,2,1,0.0,0.1,0.1,0.1,16,0,1,1,0.7056,1.0,1.0,1.0,1.0,44.88,0.0942,0.2
A,2,1,0.0,0.1,0.1,0.1,17,0,1,1,0.7042,1.0,1.0,1.0,1.0,44.77,0.0984,0.2
A,2,1,0.0,0.1,0.1,0.1,18,0,0,0,0.2831,0.0,0.0,0.0,0.6729,22.95,0.4072,0.2
A,2,1,0.0,0.1,0.1,0.1,19,0,0,0,0.2601,0.0,0.0,0.0,0.2543,nan,0.4097,0.2
A,2,1,0.0,0.1,0.1,0.1,20,0,0,0,0.0478,0.0,0.0,0.0,-0.0695,nan,0.4072,0.2
A,2,1,0.0,0.1,0.1,0.1,21,0,1,1,0.7084,1.0,1.0,1.0,1.0,45.11,0.0974,0.2
A,2,1,0.0,0.1,0.1,0.1,22,0,1,1,0.7082,1.0,1.0,1.0,1.0,45.09,0.1013,0.2
A,2,1,0.0,0.1,0.1,0.1,23,0,1,1,0.71,1.0,1.0,1.0,1.0,85.43,0.1035,0.2
A,2,1,0.0,0.1,0.1,0.15,0,0,1,1,0.7885,1.0,1.0,1.0,0.9925,52.04,0.1238,0.2
A,2,1,0.0,0.1,0.1,0.15,1,0,1,1,0.7895,1.0,1.0,1.0,0.9922,99.0,0.1143,0.2
A,2,1,0.0,0.1,0.1,0.15,2,0,1,1,0.7887,1.0,1.0,1.0,0.9924,52.06,0.1196,0.2
A,2,1,0.0,0.1,0.1,0.15,3,1,0,1,0.8941,1.0,0.0,1.0,0.9489,63.39,0.0507,0.2
A,2,1,0.0,0.1,0.1,0.15,4,0,1,1,0.7866,1.0,1.0,1.0,0.9928,51.87,0.114,0.2
A,2,1,0.0,0.1,0.1,0.15,5,0,1,1,0.7895,1.0,1.0,1.0,0.9923,52.14,0.1269,0.2
A,2,1,0.0,0.1,0.1,0.15,6,0,1,1,0.788,1.0,1.0,1.0,0.9925,52.0,0.1205,0.2
A,2,1,0.0,0.1,0.1,0.15,7,1,0,1,1.0,1.0,0.0,1.0,0.9735,90.0,0.0364,0.2
A,2,1,0.0,0.1,0.1,0.15,8,1,0,1,1.0,1.0,0.0,1.0,0.9731,90.0,0.0377,0.2
A,2,1,0.0,0.1,0.1,0.15,9,0,1,1,0.7881,1.0,1.0,1.0,0.9925,52.01,0.1225,0.2
A,2,1,0.0,0.1,0.1,0.15,10,1,0,1,0.895,1.0,0.0,1.0,0.9483,63.51,0.0493,0.2
A,2,1,0.0,0.1,0.1,0.15,11,0,1,1,0.7882,1.0,1.0,1.0,0.9925,52.02,0.1154,0.2
A,2,1,0.0,0.1,0.1,0.15,12,0,0,0,-0.0586,0.0,0.0,0.0,-0.0272,nan,0.438,0.2
A,2,1,0.0,0.1,0.1,0.15,13,0,0,0,0.0954,0.0,0.0,0.0,-0.2131,nan,0.4531,0.2
A,2,1,0.0,0.1,0.1,0.15,14,0,1,1,0.7878,1.0,1.0,1.0,0.9926,51.98,0.1198,0.2
A,2,1,0.0,0.1,0.1,0.15,15,0,0,0,-0.3365,0.0,0.0,0.0,-0.1921,nan,0.4609,0.2
A,2,1,0.0,0.1,0.1,0.15,16,1,0,1,1.0,1.0,0.0,1.0,0.9737,90.0,0.0361,0.2
A,2,1,0.0,0.1,0.1,0.15,17,0,1,1,0.7877,1.0,1.0,1.0,0.9926,61.12,0.1197,0.2
A,2,1,0.0,0.1,0.1,0.15,18,1,0,1,1.0,1.0,0.0,1.0,0.9722,90.0,0.0389,0.2
A,2,1,0.0,0.1,0.1,0.15,19,0,1,1,0.7891,1.0,1.0,1.0,0.9923,52.1,0.1196,0.2
A,2,1,0.0,0.1,0.1,0.15,20,0,1,1,0.7865,1.0,1.0,1.0,0.9929,51.86,0.1224,0.2
A,2,1,0.0,0.1,0.1,0.15,21,0,1,1,0.7895,1.0,1.0,1.0,0.9923,52.14,0.1235,0.2
A,2,1,0.0,0.1,0.1,0.15,22,0,1,1,0.7892,1.0,1.0,1.0,0.9923,52.11,0.1176,0.2
A,2,1,0.0,0.1,0.1,0.15,23,0,0,0,-0.2805,0.0,0.0,0.0,-0.1177,nan,0.4556,0.2
A,2,1,0.0,0.1,0.1,0.2,0,0,1,1,0.8493,1.0,1.0,1.0,0.9739,58.13,0.1428,0.2
A,2,1,0.0,0.1,0.1,0.2,1,0,1,1,0.8518,1.0,1.0,1.0,0.9728,58.4,0.1339,0.2
A,2,1,0.0,0.1,0.1,0.2,2,0,1,1,0.8543,1.0,1.0,1.0,0.9716,58.68,0.1338,0.2
A,2,1,0.0,0.1,0.1,0.2,3,0,1,1,0.8522,1.0,1.0,1.0,0.9726,58.45,0.1321,0.2
A,2,1,0.0,0.1,0.1,0.2,4,0,0,0,-0.1585,0.0,0.0,0.0,0.1197,nan,0.4888,0.2
A,2,1,0.0,0.1,0.1,0.2,5,0,1,1,0.8494,1.0,1.0,1.0,0.9738,77.45,0.144,0.2
A,2,1,0.0,0.1,0.1,0.2,6,0,1,1,0.8488,1.0,1.0,1.0,0.974,58.08,0.1344,0.2
A,2,1,0.0,0.1,0.1,0.2,7,0,0,0,-0.1049,0.0,0.0,0.0,-0.0983,nan,0.4946,0.2
A,2,1,0.0,0.1,0.1,0.2,8,0,1,1,0.8503,1.0,1.0,1.0,0.9734,58.25,0.1373,0.2
A,2,1,0.0,0.1,0.1,0.2,9,0,1,1,0.853,1.0,1.0,1.0,0.9722,58.54,0.1401,0.2
A,2,1,0.0,0.1,0.1,0.2,10,0,1,1,0.8534,1.0,1.0,1.0,0.972,58.59,0.1439,0.2
A,2,1,0.0,0.1,0.1,0.2,11,0,1,1,0.853,1.0,1.0,1.0,0.9722,58.54,0.1367,0.2
A,2,1,0.0,0.1,0.1,0.2,12,1,0,1,1.0,1.0,0.0,1.0,0.9742,90.0,0.0393,0.2
A,2,1,0.0,0.1,0.1,0.2,13,0,0,0,-0.1803,0.0,0.0,0.0,-0.3173,nan,0.4922,0.2
A,2,1,0.0,0.1,0.1,0.2,14,0,1,1,0.8519,1.0,1.0,1.0,0.9727,58.42,0.1482,0.2
A,2,1,0.0,0.1,0.1,0.2,15,0,1,1,0.8507,1.0,1.0,1.0,0.9732,58.29,0.1411,0.2
A,2,1,0.0,0.1,0.1,0.2,16,0,1,1,0.8486,1.0,1.0,1.0,0.9742,58.06,0.134,0.2
A,2,1,0.0,0.1,0.1,0.2,17,0,1,1,0.8498,1.0,1.0,1.0,0.9736,58.19,0.1393,0.2
A,2,1,0.0,0.1,0.1,0.2,18,0,1,1,0.8527,1.0,1.0,1.0,0.9723,58.51,0.1402,0.2
A,2,1,0.0,0.1,0.1,0.2,19,0,1,1,0.8531,1.0,1.0,1.0,0.9722,58.55,0.1332,0.2
A,2,1,0.0,0.1,0.1,0.2,20,1,0,1,0.9224,1.0,0.0,1.0,0.9254,67.27,0.0652,0.2
A,2,1,0.0,0.1,0.1,0.2,21,0,0,0,0.2,0.0,0.0,0.0,-0.2613,nan,0.4961,0.2
A,2,1,0.0,0.1,0.1,0.2,22,0,1,1,0.8508,1.0,1.0,1.0,0.9732,58.3,0.1434,0.2
A,2,1,0.0,0.1,0.1,0.2,23,0,0,0,-0.1147,0.0,0.0,0.0,0.3161,nan,0.5142,0.2
A,2,1,0.0,0.1,0.1,0.3,0,0,0,0,0.2104,0.0,0.0,0.0,0.2339,nan,0.5654,0.2
A,2,1,0.0,0.1,0.1,0.3,1,0,1,1,0.9237,1.0,1.0,1.0,0.9241,67.47,0.1564,0.2
A,2,1,0.0,0.1,0.1,0.3,2,0,1,1,0.9242,1.0,1.0,1.0,0.9236,67.55,0.162,0.2
A,2,1,0.0,0.1,0.1,0.3,3,0,1,1,0.9247,1.0,1.0,1.0,0.9231,67.62,0.1693,0.2
A,2,1,0.0,0.1,0.1,0.3,4,0,1,1,0.9241,1.0,1.0,1.0,0.9237,67.53,0.1627,0.2
A,2,1,0.0,0.1,0.1,0.3,5,0,1,1,0.9261,1.0,1.0,1.0,0.9217,67.83,0.1495,0.2
A,2,1,0.0,0.1,0.1,0.3,6,1,0,0,0.9578,1.0,0.0,1.0,0.8806,73.29,0.0688,0.2
A,2,1,0.0,0.1,0.1,0.3,7,0,1,1,0.9247,1.0,1.0,1.0,0.923,67.63,0.1612,0.2
A,2,1,0.0,0.1,0.1,0.3,8,0,1,1,0.9233,1.0,1.0,1.0,0.9244,67.42,0.1535,0.2
A,2,1,0.0,0.1,0.1,0.3,9,0,1,1,0.9221,1.0,1.0,1.0,0.9256,67.24,0.1659,0.2
A,2,1,0.0,0.1,0.1,0.3,10,0,0,0,-0.383,0.0,0.0,0.0,-0.1688,nan,0.6162,0.2
A,2,1,0.0,0.1,0.1,0.3,11,0,1,1,0.9213,1.0,1.0,1.0,0.9264,67.12,0.1659,0.2
A,2,1,0.0,0.1,0.1,0.3,12,0,1,1,0.9238,1.0,1.0,1.0,0.9239,67.49,0.165,0.2
A,2,1,0.0,0.1,0.1,0.3,13,0,1,1,0.9229,1.0,1.0,1.0,0.9249,67.35,0.1632,0.2
A,2,1,0.0,0.1,0.1,0.3,14,0,0,0,-0.2404,0.0,0.0,0.0,-0.4576,nan,0.5752,0.2
A,2,1,0.0,0.1,0.1,0.3,15,0,1,1,0.9235,1.0,1.0,1.0,0.9242,67.45,0.1519,0.2
A,2,1,0.0,0.1,0.1,0.3,16,0,0,0,-0.0253,0.0,0.0,0.0,0.087,nan,0.5898,0.2
A,2,1,0.0,0.1,0.1,0.3,17,0,1,1,0.923,1.0,1.0,1.0,0.9247,67.37,0.1582,0.2
A,2,1,0.0,0.1,0.1,0.3,18,0,1,1,0.9233,1.0,1.0,1.0,0.9245,67.41,0.1694,0.2
A,2,1,0.0,0.1,0.1,0.3,19,0,0,0,-0.666,0.0,0.0,0.0,-0.3126,nan,0.5923,0.2
A,2,1,0.0,0.1,0.1,0.3,20,0,1,1,0.9239,1.0,1.0,1.0,0.9239,67.5,0.149,0.2
A,2,1,0.0,0.1,0.1,0.3,21,0,1,1,0.9252,1.0,1.0,1.0,0.9226,67.69,0.1585,0.2
A,2,1,0.0,0.1,0.1,0.3,22,0,1,1,0.9243,1.0,1.0,1.0,0.9235,67.56,0.1633,0.2
A,2,1,0.0,0.1,0.1,0.3,23,0,0,0,0.1251,0.0,0.0,0.0,-0.1801,nan,0.6152,0.2
A,2,1,0.0,0.1,0.1,0.4,0,0,0,0,-0.0603,0.0,0.0,0.0,0.0373,nan,0.6997,0.2
A,2,1,0.0,0.1,0.1,0.4,1,0,0,0,0.957,1.0,1.0,1.0,0.8818,73.14,0.1685,0.2
A,2,1,0.0,0.1,0.1,0.4,2,0,0,0,0.957,1.0,1.0,1.0,0.8818,73.14,0.1684,0.2
A,2,1,0.0,0.1,0.1,0.4,3,0,0,0,-0.1846,0.0,0.0,0.0,0.0438,nan,0.7061,0.2
A,2,1,0.0,0.1,0.1,0.4,4,0,0,0,0.9559,1.0,1.0,1.0,0.8835,72.93,0.1656,0.2
A,2,1,0.0,0.1,0.1,0.4,5,0,0,0,0.9557,1.0,1.0,1.0,0.884,72.87,0.1688,0.2
A,2,1,0.0,0.1,0.1,0.4,6,0,0,0,0.9568,1.0,1.0,1.0,0.8821,73.1,0.1589,0.2
A,2,1,0.0,0.1,0.1,0.4,7,1,0,1,1.0,1.0,0.0,1.0,0.9735,90.0,0.0399,0.2
A,2,1,0.0,0.1,0.1,0.4,8,0,0,0,0.2159,0.0,0.0,0.0,0.2042,nan,0.6943,0.2
A,2,1,0.0,0.1,0.1,0.4,9,0,0,0,0.9567,1.0,1.0,1.0,0.8823,73.08,0.1805,0.2
A,2,1,0.0,0.1,0.1,0.4,10,0,0,0,0.9579,1.0,1.0,1.0,0.8803,73.32,0.167,0.2
A,2,1,0.0,0.1,0.1,0.4,11,0,0,0,0.0803,0.0,0.0,0.0,-0.2202,nan,0.7046,0.2
A,2,1,0.0,0.1,0.1,0.4,12,1,0,0,0.9738,1.0,0.0,1.0,0.8495,76.85,0.0822,0.2
A,2,1,0.0,0.1,0.1,0.4,13,0,0,0,0.957,1.0,1.0,1.0,0.8819,73.13,0.1633,0.2
A,2,1,0.0,0.1,0.1,0.4,14,0,0,0,0.957,1.0,1.0,1.0,0.8819,73.13,0.1671,0.2
A,2,1,0.0,0.1,0.1,0.4,15,0,0,0,-0.0606,0.0,0.0,0.0,0.2853,nan,0.6885,0.2
A,2,1,0.0,0.1,0.1,0.4,16,1,0,1,1.0,1.0,0.0,1.0,0.973,90.0,0.0402,0.2
A,2,1,0.0,0.1,0.1,0.4,17,0,0,0,0.9568,1.0,1.0,1.0,0.8821,73.1,0.171,0.2
A,2,1,0.0,0.1,0.1,0.4,18,0,0,0,0.9575,1.0,1.0,1.0,0.8811,73.23,0.1602,0.2
A,2,1,0.0,0.1,0.1,0.4,19,0,0,0,0.1538,0.0,0.0,0.0,-0.3696,nan,0.7026,0.2
A,2,1,0.0,0.1,0.1,0.4,20,0,0,0,-0.2246,0.0,0.0,0.0,-0.2575,nan,0.6973,0.2
A,2,1,0.0,0.1,0.1,0.4,21,0,0,0,0.956,1.0,1.0,1.0,0.8835,72.94,0.1724,0.2
A,2,1,0.0,0.1,0.1,0.4,22,0,0,0,0.2037,0.0,0.0,0.0,0.0951,nan,0.7036,0.2
A,2,1,0.0,0.1,0.1,0.4,23,0,0,0,0.9558,1.0,1.0,1.0,0.8838,72.89,0.176,0.2
A,2,1,0.0,0.1,0.1,0.6,0,0,0,0,0.9817,1.0,1.0,1.0,0.8287,79.03,0.1815,0.2
A,2,1,0.0,0.1,0.1,0.6,1,1,0,0,0.9868,1.0,0.0,1.0,0.8121,80.69,0.094,0.2
A,2,1,0.0,0.1,0.1,0.6,2,0,0,0,-0.1919,0.0,0.0,0.0,-0.4935,nan,0.8711,0.2
A,2,1,0.0,0.1,0.1,0.6,3,0,0,0,0.9825,1.0,1.0,1.0,0.8263,79.28,0.176,0.2
A,2,1,0.0,0.1,0.1,0.6,4,0,0,0,0.0081,0.0,0.0,0.0,0.2976,nan,0.895,0.2
A,2,1,0.0,0.1,0.1,0.6,5,0,0,0,-0.1116,0.0,0.0,0.0,0.049,nan,0.9023,0.2
A,2,1,0.0,0.1,0.1,0.6,6,0,0,0,0.982,1.0,1.0,1.0,0.8281,79.1,0.1825,0.2
A,2,1,0.0,0.1,0.1,0.6,7,0,0,0,0.9821,1.0,1.0,1.0,0.8276,79.14,0.1856,0.2
A,2,1,0.0,0.1,0.1,0.6,8,0,0,0,0.9824,1.0,1.0,1.0,0.8269,79.22,0.1739,0.2
A,2,1,0.0,0.1,0.1,0.6,9,0,0,0,0.982,1.0,1.0,1.0,0.8278,79.12,0.1827,0.2
A,2,1,0.0,0.1,0.1,0.6,10,0,0,0,0.9102,0.0,0.0,0.0,0.5186,100.99,0.8916,0.2
A,2,1,0.0,0.1,0.1,0.6,11,0,0,0,0.9817,1.0,1.0,1.0,0.8288,79.02,0.1894,0.2
A,2,1,0.0,0.1,0.1,0.6,12,0,0,0,0.9826,1.0,1.0,1.0,0.826,79.31,0.1789,0.2
A,2,1,0.0,0.1,0.1,0.6,13,0,0,0,0.1713,0.0,0.0,0.0,-0.0826,nan,0.8999,0.2
A,2,1,0.0,0.1,0.1,0.6,14,0,0,0,0.9824,1.0,1.0,1.0,0.8269,79.22,0.1737,0.2
A,2,1,0.0,0.1,0.1,0.6,15,0,0,0,0.9818,1.0,1.0,1.0,0.8286,79.05,0.1807,0.2
A,2,1,0.0,0.1,0.1,0.6,16,0,0,0,0.9827,1.0,1.0,1.0,0.8259,79.32,0.1822,0.2
A,2,1,0.0,0.1,0.1,0.6,17,0,0,0,0.9819,1.0,1.0,1.0,0.8282,79.09,0.1768,0.2
A,2,1,0.0,0.1,0.1,0.6,18,0,0,0,0.9822,1.0,1.0,1.0,0.8272,79.19,0.1779,0.2
A,2,1,0.0,0.1,0.1,0.6,19,0,0,0,0.9817,1.0,1.0,1.0,0.8288,79.02,0.1857,0.2
A,2,1,0.0,0.1,0.1,0.6,20,0,0,0,0.9819,1.0,1.0,1.0,0.8283,79.08,0.1801,0.2
A,2,1,0.0,0.1,0.1,0.6,21,0,0,0,0.5201,0.0,0.0,0.0,0.5584,62.6,0.8975,0.2
A,2,1,0.0,0.1,0.1,0.6,22,1,0,1,1.0,1.0,0.0,1.0,0.974,90.0,0.0366,0.2
A,2,1,0.0,0.1,0.1,0.6,23,0,0,0,0.9823,1.0,1.0,1.0,0.8271,79.2,0.1729,0.2
A,2,1,0.0,0.2,0.2,0.0,0,0,0,0,0.5166,0.0,0.0,0.0,0.2526,107.14,0.5825,0.4
A,2,1,0.0,0.2,0.2,0.0,1,0,0,0,0.4207,0.0,0.0,0.0,0.1623,nan,0.6108,0.4
A,2,1,0.0,0.2,0.2,0.0,2,0,0,0,0.3575,0.0,0.0,0.0,0.5045,45.12,0.6216,0.4
A,2,1,0.0,0.2,0.2,0.0,3,0,0,0,0.4798,0.0,0.0,0.0,0.6159,64.5,0.5845,0.4
A,2,1,0.0,0.2,0.2,0.0,4,0,0,0,0.1871,0.0,0.0,0.0,0.354,nan,0.6064,0.4
A,2,1,0.0,0.2,0.2,0.0,5,0,0,0,0.3879,0.0,0.0,0.0,0.7575,nan,0.6294,0.4
A,2,1,0.0,0.2,0.2,0.0,6,0,0,0,0.0182,0.0,0.0,0.0,-0.0292,nan,0.5947,0.4
A,2,1,0.0,0.2,0.2,0.0,7,0,1,1,0.5237,0.0,1.0,1.0,0.9727,31.58,0.0736,0.4
A,2,1,0.0,0.2,0.2,0.0,8,0,0,0,0.0612,0.0,0.0,0.0,-0.1145,nan,0.583,0.4
A,2,1,0.0,0.2,0.2,0.0,9,0,1,1,0.5282,0.0,1.0,1.0,0.9739,31.88,0.0786,0.4
A,2,1,0.0,0.2,0.2,0.0,10,0,0,0,-0.1772,0.0,0.0,0.0,0.1486,nan,0.606,0.4
A,2,1,0.0,0.2,0.2,0.0,11,0,1,1,0.5275,0.0,1.0,1.0,0.9737,31.83,0.0774,0.4
A,2,1,0.0,0.2,0.2,0.0,12,0,0,0,0.3617,0.0,0.0,0.0,0.601,36.53,0.5747,0.4
A,2,1,0.0,0.2,0.2,0.0,13,0,1,1,0.5243,0.0,1.0,1.0,0.9728,31.62,0.081,0.4
A,2,1,0.0,0.2,0.2,0.0,14,0,0,0,0.3592,0.0,0.0,0.0,0.6201,34.75,0.6211,0.4
A,2,1,0.0,0.2,0.2,0.0,15,0,1,1,0.5265,0.0,0.0,1.0,0.9733,99.26,0.0768,0.4
A,2,1,0.0,0.2,0.2,0.0,16,0,0,0,0.5827,0.0,0.0,0.0,0.0224,nan,0.6313,0.4
A,2,1,0.0,0.2,0.2,0.0,17,0,0,0,0.5246,0.0,0.0,0.0,0.1491,nan,0.5884,0.4
A,2,1,0.0,0.2,0.2,0.0,18,0,1,1,0.5276,0.0,1.0,1.0,0.9738,31.85,0.0747,0.4
A,2,1,0.0,0.2,0.2,0.0,19,0,0,0,0.2973,0.0,0.0,0.0,0.3745,nan,0.5825,0.4
A,2,1,0.0,0.2,0.2,0.0,20,0,0,0,-0.041,0.0,0.0,0.0,-0.0371,nan,0.6255,0.4
A,2,1,0.0,0.2,0.2,0.0,21,0,1,1,0.5273,0.0,1.0,1.0,0.9737,31.82,0.0752,0.4
A,2,1,0.0,0.2,0.2,0.0,22,0,1,1,0.528,0.0,1.0,1.0,0.9739,31.87,0.0772,0.4
A,2,1,0.0,0.2,0.2,0.0,23,0,0,0,0.2077,0.0,0.0,0.0,0.4318,nan,0.5933,0.4
A,2,1,0.0,0.2,0.2,0.05,0,1,0,1,1.0,1.0,0.0,1.0,0.9724,90.0,0.0729,0.4
A,2,1,0.0,0.2,0.2,0.05,1,0,1,1,0.5696,1.0,1.0,1.0,0.984,34.73,0.1111,0.4
A,2,1,0.0,0.2,0.2,0.05,2,0,0,0,-0.3758,0.0,0.0,0.0,-0.3904,nan,0.6475,0.4
A,2,1,0.0,0.2,0.2,0.05,3,0,1,1,0.569,1.0,1.0,1.0,0.9838,34.68,0.1067,0.4
A,2,1,0.0,0.2,0.2,0.05,4,0,1,1,0.5724,1.0,1.0,1.0,0.9846,104.79,0.1091,0.4
A,2,1,0.0,0.2,0.2,0.05,5,1,0,1,1.0,1.0,0.0,1.0,0.9731,90.0,0.0747,0.4
A,2,1,0.0,0.2,0.2,0.05,6,0,0,0,-0.0714,0.0,0.0,0.0,-0.2246,nan,0.6528,0.4
A,2,1,0.0,0.2,0.2,0.05,7,0,1,1,0.5675,1.0,1.0,1.0,0.9835,34.57,0.1118,0.4
A,2,1,0.0,0.2,0.2,0.05,8,0,0,0,0.0326,0.0,0.0,0.0,-0.4049,nan,0.6509,0.4
A,2,1,0.0,0.2,0.2,0.05,9,0,1,1,0.571,1.0,1.0,1.0,0.9843,34.82,0.1303,0.4
A,2,1,0.0,0.2,0.2,0.05,10,0,1,1,0.5692,1.0,1.0,1.0,0.9839,34.69,0.1059,0.4
A,2,1,0.0,0.2,0.2,0.05,11,0,1,1,0.5695,1.0,1.0,1.0,0.9839,34.72,0.1148,0.4
A,2,1,0.0,0.2,0.2,0.05,12,0,1,1,0.5686,1.0,1.0,1.0,0.9837,34.65,0.1111,0.4
A,2,1,0.0,0.2,0.2,0.05,13,0,0,0,0.3592,0.0,0.0,0.0,-0.047,nan,0.6802,0.4
A,2,1,0.0,0.2,0.2,0.05,14,0,1,1,0.5711,1.0,1.0,1.0,0.9843,34.83,0.1131,0.4
A,2,1,0.0,0.2,0.2,0.05,15,0,0,0,0.0026,0.0,0.0,0.0,0.4489,nan,0.6504,0.4
A,2,1,0.0,0.2,0.2,0.05,16,0,0,0,0.4046,0.0,0.0,0.0,0.1557,nan,0.6475,0.4
A,2,1,0.0,0.2,0.2,0.05,17,0,1,1,0.5653,1.0,1.0,1.0,0.983,34.42,0.1063,0.4
A,2,1,0.0,0.2,0.2,0.05,18,0,1,1,0.5695,1.0,1.0,1.0,0.9839,34.72,0.1115,0.4
A,2,1,0.0,0.2,0.2,0.05,19,0,1,1,0.5716,1.0,1.0,1.0,0.9844,34.86,0.1131,0.4
A,2,1,0.0,0.2,0.2,0.05,20,1,0,1,1.0,1.0,0.0,1.0,0.9727,90.0,0.0766,0.4
A,2,1,0.0,0.2,0.2,0.05,21,0,0,0,-0.1672,0.0,0.0,0.0,-0.3958,nan,0.6353,0.4
A,2,1,0.0,0.2,0.2,0.05,22,0,1,1,0.5733,1.0,1.0,1.0,0.9848,34.98,0.1058,0.4
A,2,1,0.0,0.2,0.2,0.05,23,0,1,1,0.5673,1.0,1.0,1.0,0.9834,34.56,0.1128,0.4
A,2,1,0.0,0.2,0.2,0.1,0,0,1,1,0.6161,1.0,1.0,1.0,0.9926,38.03,0.143,0.4
A,2,1,0.0,0.2,0.2,0.1,1,0,1,1,0.6195,1.0,1.0,1.0,0.9931,38.28,0.1453,0.4
A,2,1,0.0,0.2,0.2,0.1,2,0,1,1,0.6144,1.0,1.0,1.0,0.9923,37.91,0.1568,0.4
A,2,1,0.0,0.2,0.2,0.1,3,0,0,0,0.2102,0.0,0.0,0.0,0.1405,nan,0.7119,0.4
A,2,1,0.0,0.2,0.2,0.1,4,0,1,1,0.6149,1.0,1.0,1.0,0.9924,37.94,0.1398,0.4
A,2,1,0.0,0.2,0.2,0.1,5,0,0,0,-0.3694,0.0,0.0,0.0,-0.0928,nan,0.6787,0.4
A,2,1,0.0,0.2,0.2,0.1,6,0,1,1,0.6159,1.0,1.0,1.0,0.9926,38.02,0.1419,0.4
A,2,1,0.0,0.2,0.2,0.1,7,0,1,1,0.6129,1.0,1.0,1.0,0.9921,37.8,0.1449,0.4
A,2,1,0.0,0.2,0.2,0.1,8,0,1,1,0.6172,1.0,1.0,1.0,0.9928,38.11,0.1375,0.4
A,2,1,0.0,0.2,0.2,0.1,9,0,1,1,0.6182,1.0,1.0,1.0,0.9929,38.19,0.1467,0.4
A,2,1,0.0,0.2,0.2,0.1,10,0,1,1,0.616,1.0,1.0,1.0,0.9926,38.02,0.1392,0.4
A,2,1,0.0,0.2,0.2,0.1,11,0,0,0,0.1125,0.0,0.0,0.0,0.0952,nan,0.6885,0.4
A,2,1,0.0,0.2,0.2,0.1,12,0,1,1,0.6165,1.0,1.0,1.0,0.9927,38.06,0.1402,0.4
A,2,1,0.0,0.2,0.2,0.1,13,0,1,1,0.7564,0.0,0.0,1.0,0.9924,98.91,0.1442,0.4
A,2,1,0.0,0.2,0.2,0.1,14,0,0,0,0.0308,0.0,0.0,0.0,0.0924,nan,0.6895,0.4
A,2,1,0.0,0.2,0.2,0.1,15,0,1,1,0.6176,1.0,1.0,1.0,0.9928,38.14,0.1485,0.4
A,2,1,0.0,0.2,0.2,0.1,16,0,1,1,0.6149,1.0,1.0,1.0,0.9924,37.95,0.1438,0.4
A,2,1,0.0,0.2,0.2,0.1,17,0,1,1,0.6212,1.0,1.0,1.0,0.9934,38.41,0.1369,0.4
A,2,1,0.0,0.2,0.2,0.1,18,0,0,0,0.2831,0.0,0.0,0.0,0.6729,22.95,0.7046,0.4
A,2,1,0.0,0.2,0.2,0.1,19,0,0,0,0.2601,0.0,0.0,0.0,0.2543,nan,0.7046,0.4
A,2,1,0.0,0.2,0.2,0.1,20,0,0,0,0.0478,0.0,0.0,0.0,-0.0695,nan,0.7158,0.4
A,2,1,0.0,0.2,0.2,0.1,21,0,1,1,0.6147,1.0,1.0,1.0,0.9924,37.93,0.1452,0.4
A,2,1,0.0,0.2,0.2,0.1,22,0,1,1,0.615,1.0,1.0,1.0,0.9924,37.95,0.1392,0.4
A,2,1,0.0,0.2,0.2,0.1,23,0,1,1,0.6138,1.0,1.0,1.0,0.9923,85.43,0.1477,0.4
A,2,1,0.0,0.2,0.2,0.15,0,0,1,1,0.661,1.0,1.0,1.0,0.998,41.38,0.1697,0.4
A,2,1,0.0,0.2,0.2,0.15,1,0,1,1,0.6736,0.0,0.0,1.0,0.9981,99.0,0.1644,0.4
A,2,1,0.0,0.2,0.2,0.15,2,0,1,1,0.6602,1.0,1.0,1.0,0.9979,41.32,0.1728,0.4
A,2,1,0.0,0.2,0.2,0.15,3,1,0,1,0.8202,1.0,0.0,1.0,0.9845,55.1,0.0606,0.4
A,2,1,0.0,0.2,0.2,0.15,4,0,1,1,0.662,1.0,1.0,1.0,0.9981,41.46,0.1679,0.4
A,2,1,0.0,0.2,0.2,0.15,5,0,1,1,0.6605,1.0,1.0,1.0,0.998,41.34,0.1733,0.4
A,2,1,0.0,0.2,0.2,0.15,6,0,1,1,0.6614,1.0,1.0,1.0,0.998,41.41,0.1703,0.4
A,2,1,0.0,0.2,0.2,0.15,7,1,0,1,1.0,1.0,0.0,1.0,0.9727,90.0,0.0756,0.4
A,2,1,0.0,0.2,0.2,0.15,8,1,0,1,1.0,1.0,0.0,1.0,0.9734,90.0,0.073,0.4
A,2,1,0.0,0.2,0.2,0.15,9,0,1,1,0.6587,1.0,1.0,1.0,0.9978,41.2,0.168,0.4
A,2,1,0.0,0.2,0.2,0.15,10,1,0,1,0.8229,1.0,0.0,1.0,0.9837,55.37,0.0607,0.4
A,2,1,0.0,0.2,0.2,0.15,11,0,1,1,0.6651,1.0,1.0,1.0,0.9983,41.69,0.1731,0.4
A,2,1,0.0,0.2,0.2,0.15,12,0,0,0,-0.0586,0.0,0.0,0.0,-0.0272,nan,0.7285,0.4
A,2,1,0.0,0.2,0.2,0.15,13,0,0,0,0.0954,0.0,0.0,0.0,-0.2131,nan,0.7368,0.4
A,2,1,0.0,0.2,0.2,0.15,14,0,1,1,0.6634,1.0,1.0,1.0,0.9982,41.56,0.1744,0.4
A,2,1,0.0,0.2,0.2,0.15,15,0,0,0,-0.3365,0.0,0.0,0.0,-0.1921,nan,0.7603,0.4
A,2,1,0.0,0.2,0.2,0.15,16,0,1,1,0.6617,1.0,1.0,1.0,0.9981,41.43,0.1755,0.4
A,2,1,0.0,0.2,0.2,0.15,17,0,1,1,0.661,1.0,1.0,1.0,0.998,61.12,0.1703,0.4
A,2,1,0.0,0.2,0.2,0.15,18,1,0,1,1.0,1.0,0.0,1.0,0.9739,90.0,0.0738,0.4
A,2,1,0.0,0.2,0.2,0.15,19,0,1,1,0.664,1.0,1.0,1.0,0.9982,41.61,0.1725,0.4
A,2,1,0.0,0.2,0.2,0.15,20,0,1,1,0.6635,1.0,1.0,1.0,0.9982,41.57,0.179,0.4
A,2,1,0.0,0.2,0.2,0.15,21,0,1,1,0.6616,1.0,1.0,1.0,0.998,41.42,0.1687,0.4
A,2,1,0.0,0.2,0.2,0.15,22,0,1,1,0.6617,1.0,1.0,1.0,0.9981,41.43,0.17,0.4
A,2,1,0.0,0.2,0.2,0.15,23,0,0,0,-0.2817,0.0,0.0,0.0,-0.1223,nan,0.7549,0.4
A,2,1,0.0,0.2,0.2,0.2,0,0,1,1,0.7077,1.0,1.0,1.0,1.0,45.05,0.2029,0.4
A,2,1,0.0,0.2,0.2,0.2,1,0,1,1,0.7088,1.0,1.0,1.0,1.0,45.14,0.1994,0.4
A,2,1,0.0,0.2,0.2,0.2,2,0,1,1,0.7051,1.0,1.0,1.0,1.0,44.84,0.1985,0.4
A,2,1,0.0,0.2,0.2,0.2,3,0,1,1,0.7062,1.0,1.0,1.0,1.0,44.93,0.1978,0.4
A,2,1,0.0,0.2,0.2,0.2,4,0,0,0,-0.1585,0.0,0.0,0.0,0.1197,nan,0.7715,0.4
A,2,1,0.0,0.2,0.2,0.2,5,0,1,1,0.7051,1.0,1.0,1.0,1.0,77.45,0.2002,0.4
A,2,1,0.0,0.2,0.2,0.2,6,0,1,1,0.7076,1.0,1.0,1.0,1.0,45.04,0.206,0.4
A,2,1,0.0,0.2,0.2,0.2,7,0,0,0,-0.1048,0.0,0.0,0.0,-0.0983,nan,0.8091,0.4
A,2,1,0.0,0.2,0.2,0.2,8,0,1,1,0.7058,1.0,1.0,1.0,1.0,44.89,0.2049,0.4
A,2,1,0.0,0.2,0.2,0.2,9,0,1,1,0.7043,1.0,1.0,1.0,1.0,44.77,0.1975,0.4
A,2,1,0.0,0.2,0.2,0.2,10,0,1,1,0.7074,1.0,1.0,1.0,1.0,45.02,0.2061,0.4
A,2,1,0.0,0.2,0.2,0.2,11,0,1,1,0.7054,1.0,1.0,1.0,1.0,44.86,0.2067,0.4
A,2,1,0.0,0.2,0.2,0.2,12,0,1,1,0.7062,1.0,1.0,1.0,1.0,44.92,0.1977,0.4
A,2,1,0.0,0.2,0.2,0.2,13,0,0,0,-0.1805,0.0,0.0,0.0,-0.3171,nan,0.8008,0.4
A,2,1,0.0,0.2,0.2,0.2,14,0,1,1,0.7055,1.0,1.0,1.0,1.0,44.87,0.2043,0.4
A,2,1,0.0,0.2,0.2,0.2,15,0,1,1,0.7072,1.0,1.0,1.0,1.0,45.01,0.2027,0.4
A,2,1,0.0,0.2,0.2,0.2,16,0,1,1,0.7081,1.0,1.0,1.0,1.0,45.08,0.2041,0.4
A,2,1,0.0,0.2,0.2,0.2,17,0,1,1,0.7081,1.0,1.0,1.0,1.0,45.08,0.1941,0.4
A,2,1,0.0,0.2,0.2,0.2,18,0,1,1,0.7066,1.0,1.0,1.0,1.0,44.96,0.1946,0.4
A,2,1,0.0,0.2,0.2,0.2,19,0,1,1,0.7076,1.0,1.0,1.0,1.0,45.04,0.2002,0.4
A,2,1,0.0,0.2,0.2,0.2,20,0,1,1,0.7083,1.0,1.0,1.0,1.0,45.09,0.2085,0.4
A,2,1,0.0,0.2,0.2,0.2,21,0,0,0,0.2,0.0,0.0,0.0,-0.2613,nan,0.7979,0.4
A,2,1,0.0,0.2,0.2,0.2,22,0,1,1,0.7077,1.0,1.0,1.0,1.0,45.04,0.2087,0.4
A,2,1,0.0,0.2,0.2,0.2,23,0,0,0,-0.1148,0.0,0.0,0.0,0.316,nan,0.8267,0.4
A,2,1,0.0,0.2,0.2,0.3,0,0,0,0,0.2104,0.0,0.0,0.0,0.2339,nan,0.8867,0.4
A,2,1,0.0,0.2,0.2,0.3,1,0,1,1,0.7893,1.0,1.0,1.0,0.9923,52.12,0.2349,0.4
A,2,1,0.0,0.2,0.2,0.3,2,0,1,1,0.7875,1.0,1.0,1.0,0.9926,51.96,0.2322,0.4
A,2,1,0.0,0.2,0.2,0.3,3,0,1,1,0.7919,1.0,1.0,1.0,0.9918,52.36,0.2501,0.4
A,2,1,0.0,0.2,0.2,0.3,4,0,1,1,0.7864,1.0,1.0,1.0,0.9929,51.85,0.2424,0.4
A,2,1,0.0,0.2,0.2,0.3,5,0,1,1,0.791,1.0,1.0,1.0,0.9919,52.28,0.2561,0.4
A,2,1,0.0,0.2,0.2,0.3,6,1,0,1,0.8955,1.0,0.0,1.0,0.9479,63.57,0.1008,0.4
A,2,1,0.0,0.2,0.2,0.3,7,0,1,1,0.7871,1.0,1.0,1.0,0.9927,51.91,0.2473,0.4
A,2,1,0.0,0.2,0.2,0.3,8,0,1,1,0.786,1.0,1.0,1.0,0.9929,51.81,0.2453,0.4
A,2,1,0.0,0.2,0.2,0.3,9,0,1,1,0.787,1.0,1.0,1.0,0.9927,51.91,0.2516,0.4
A,2,1,0.0,0.2,0.2,0.3,10,0,0,0,-0.3796,0.0,0.0,0.0,-0.1634,nan,0.9355,0.4
A,2,1,0.0,0.2,0.2,0.3,11,0,1,1,0.7886,1.0,1.0,1.0,0.9924,52.06,0.2392,0.4
A,2,1,0.0,0.2,0.2,0.3,12,0,1,1,0.7925,1.0,1.0,1.0,0.9916,52.42,0.2486,0.4
A,2,1,0.0,0.2,0.2,0.3,13,0,1,1,0.7847,1.0,1.0,1.0,0.9932,51.69,0.2437,0.4
A,2,1,0.0,0.2,0.2,0.3,14,0,0,0,-0.2355,0.0,0.0,0.0,-0.4565,nan,0.874,0.4
A,2,1,0.0,0.2,0.2,0.3,15,0,1,1,0.7916,1.0,1.0,1.0,0.9918,52.34,0.2492,0.4
A,2,1,0.0,0.2,0.2,0.3,16,0,0,0,-0.0253,0.0,0.0,0.0,0.087,nan,0.8779,0.4
A,2,1,0.0,0.2,0.2,0.3,17,0,1,1,0.7882,1.0,1.0,1.0,0.9925,52.02,0.2464,0.4
A,2,1,0.0,0.2,0.2,0.3,18,0,1,1,0.7866,1.0,1.0,1.0,0.9928,51.87,0.2385,0.4
A,2,1,0.0,0.2,0.2,0.3,19,0,0,0,-0.666,0.0,0.0,0.0,-0.3126,nan,0.9009,0.4
A,2,1,0.0,0.2,0.2,0.3,20,0,1,1,0.7883,1.0,1.0,1.0,0.9925,52.03,0.245,0.4
A,2,1,0.0,0.2,0.2,0.3,21,0,1,1,0.7874,1.0,1.0,1.0,0.9927,51.94,0.2314,0.4
A,2,1,0.0,0.2,0.2,0.3,22,0,1,1,0.7883,1.0,1.0,1.0,0.9925,52.03,0.2475,0.4
A,2,1,0.0,0.2,0.2,0.3,23,0,0,0,0.1252,0.0,0.0,0.0,-0.1801,nan,0.9209,0.4
A,2,1,0.0,0.2,0.2,0.4,0,0,0,0,-0.0603,0.0,0.0,0.0,0.0373,nan,0.9868,0.4
A,2,1,0.0,0.2,0.2,0.4,1,0,1,1,0.851,1.0,1.0,1.0,0.9731,58.32,0.2732,0.4
A,2,1,0.0,0.2,0.2,0.4,2,0,1,1,0.8494,1.0,1.0,1.0,0.9738,58.15,0.2805,0.4
A,2,1,0.0,0.2,0.2,0.4,3,0,0,0,-0.1839,0.0,0.0,0.0,0.0468,nan,1.0054,0.4
A,2,1,0.0,0.2,0.2,0.4,4,0,1,1,0.8505,1.0,1.0,1.0,0.9733,58.27,0.2834,0.4
A,2,1,0.0,0.2,0.2,0.4,5,0,1,1,0.8514,1.0,1.0,1.0,0.9729,58.37,0.2791,0.4
A,2,1,0.0,0.2,0.2,0.4,6,0,1,1,0.8521,1.0,1.0,1.0,0.9726,58.45,0.2763,0.4
A,2,1,0.0,0.2,0.2,0.4,7,0,1,1,0.8493,1.0,1.0,1.0,0.9738,58.13,0.2702,0.4
A,2,1,0.0,0.2,0.2,0.4,8,0,0,0,0.2159,0.0,0.0,0.0,0.2042,nan,0.9922,0.4
A,2,1,0.0,0.2,0.2,0.4,9,0,1,1,0.8492,1.0,1.0,1.0,0.9739,58.12,0.2765,0.4
A,2,1,0.0,0.2,0.2,0.4,10,0,1,1,0.8522,1.0,1.0,1.0,0.9725,58.46,0.2738,0.4
A,2,1,0.0,0.2,0.2,0.4,11,0,0,0,0.0803,0.0,0.0,0.0,-0.2202,nan,1.0122,0.4
A,2,1,0.0,0.2,0.2,0.4,12,0,1,1,0.8509,1.0,1.0,1.0,0.9731,58.31,0.2885,0.4
A,2,1,0.0,0.2,0.2,0.4,13,0,1,1,0.8516,1.0,1.0,1.0,0.9728,58.39,0.2714,0.4
A,2,1,0.0,0.2,0.2,0.4,14,0,1,1,0.8504,1.0,1.0,1.0,0.9733,58.26,0.2717,0.4
A,2,1,0.0,0.2,0.2,0.4,15,0,0,0,-0.0606,0.0,0.0,0.0,0.2853,nan,0.9956,0.4
A,2,1,0.0,0.2,0.2,0.4,16,1,0,1,1.0,1.0,0.0,1.0,0.9734,90.0,0.0744,0.4
A,2,1,0.0,0.2,0.2,0.4,17,0,1,1,0.8513,1.0,1.0,1.0,0.973,58.36,0.2611,0.4
A,2,1,0.0,0.2,0.2,0.4,18,0,1,1,0.8524,1.0,1.0,1.0,0.9725,58.48,0.2851,0.4
A,2,1,0.0,0.2,0.2,0.4,19,0,0,0,0.1538,0.0,0.0,0.0,-0.3695,nan,0.9966,0.4
A,2,1,0.0,0.2,0.2,0.4,20,0,0,0,-0.2246,0.0,0.0,0.0,-0.2591,nan,0.9902,0.4
A,2,1,0.0,0.2,0.2,0.4,21,0,1,1,0.8496,1.0,1.0,1.0,0.9737,58.17,0.2845,0.4
A,2,1,0.0,0.2,0.2,0.4,22,0,0,0,0.2037,0.0,0.0,0.0,0.0951,nan,1.0078,0.4
A,2,1,0.0,0.2,0.2,0.4,23,0,1,1,0.8497,1.0,1.0,1.0,0.9737,58.18,0.2763,0.4
A,2,1,0.0,0.2,0.2,0.6,0,0,1,1,0.9226,1.0,1.0,1.0,0.9252,67.31,0.3221,0.4
A,2,1,0.0,0.2,0.2,0.6,1,1,0,0,0.957,1.0,0.0,1.0,0.8818,73.14,0.15,0.4
A,2,1,0.0,0.2,0.2,0.6,2,0,0,0,-0.1918,0.0,0.0,0.0,-0.4935,nan,1.1963,0.4
A,2,1,0.0,0.2,0.2,0.6,3,0,1,1,0.9252,1.0,1.0,1.0,0.9225,67.7,0.3205,0.4
A,2,1,0.0,0.2,0.2,0.6,4,0,0,0,0.0081,0.0,0.0,0.0,0.2976,nan,1.1909,0.4
A,2,1,0.0,0.2,0.2,0.6,5,0,0,0,-0.1116,0.0,0.0,0.0,0.049,nan,1.2021,0.4
A,2,1,0.0,0.2,0.2,0.6,6,0,1,1,0.9238,1.0,1.0,1.0,0.9239,67.49,0.3177,0.4
A,2,1,0.0,0.2,0.2,0.6,7,0,1,1,0.9234,1.0,1.0,1.0,0.9243,67.43,0.3095,0.4
A,2,1,0.0,0.2,0.2,0.6,8,0,1,1,0.925,1.0,1.0,1.0,0.9227,67.67,0.3178,0.4
A,2,1,0.0,0.2,0.2,0.6,9,0,1,1,0.9255,1.0,1.0,1.0,0.9222,67.75,0.3167,0.4
A,2,1,0.0,0.2,0.2,0.6,10,0,0,0,0.9102,0.0,0.0,0.0,0.5186,100.99,1.1978,0.4
A,2,1,0.0,0.2,0.2,0.6,11,0,1,1,0.9234,1.0,1.0,1.0,0.9244,67.42,0.3147,0.4
A,2,1,0.0,0.2,0.2,0.6,12,0,1,1,0.9237,1.0,1.0,1.0,0.924,67.48,0.319,0.4
A,2,1,0.0,0.2,0.2,0.6,13,0,0,0,0.171,0.0,0.0,0.0,-0.0827,nan,1.2017,0.4
A,2,1,0.0,0.2,0.2,0.6,14,0,1,1,0.9246,1.0,1.0,1.0,0.9232,67.6,0.323,0.4
A,2,1,0.0,0.2,0.2,0.6,15,0,1,1,0.9226,1.0,1.0,1.0,0.9252,67.31,0.3155,0.4
A,2,1,0.0,0.2,0.2,0.6,16,0,1,1,0.9251,1.0,1.0,1.0,0.9227,67.68,0.3268,0.4
A,2,1,0.0,0.2,0.2,0.6,17,0,1,1,0.9235,1.0,1.0,1.0,0.9242,67.96,0.3119,0.4
A,2,1,0.0,0.2,0.2,0.6,18,0,1,1,0.9247,1.0,1.0,1.0,0.9231,67.62,0.3189,0.4
A,2,1,0.0,0.2,0.2,0.6,19,0,1,1,0.9234,1.0,1.0,1.0,0.9244,67.42,0.3244,0.4
A,2,1,0.0,0.2,0.2,0.6,20,0,1,1,0.9229,1.0,1.0,1.0,0.9248,67.36,0.3222,0.4
A,2,1,0.0,0.2,0.2,0.6,21,0,0,0,0.5201,0.0,0.0,0.0,0.5584,62.6,1.2065,0.4
A,2,1,0.0,0.2,0.2,0.6,22,1,0,1,1.0,1.0,0.0,1.0,0.9736,90.0,0.0747,0.4
A,2,1,0.0,0.2,0.2,0.6,23,0,1,1,0.925,1.0,1.0,1.0,0.9227,67.68,0.3116,0.4
A,2,2,0.0,0.1,0.1,0.0,0,0,0,0,0.5166,0.0,0.0,0.0,0.2526,107.14,0.2935,0.2
A,2,2,0.0,0.1,0.1,0.0,1,0,0,0,0.4211,0.0,0.0,0.0,0.1611,nan,0.3203,0.2
A,2,2,0.0,0.1,0.1,0.0,2,0,0,0,0.3575,0.0,0.0,0.0,0.5045,45.12,0.3169,0.2
A,2,2,0.0,0.1,0.1,0.0,3,0,0,0,0.4798,0.0,0.0,0.0,0.6159,64.5,0.2915,0.2
A,2,2,0.0,0.1,0.1,0.0,4,0,0,0,0.1871,0.0,0.0,0.0,0.354,nan,0.2949,0.2
A,2,2,0.0,0.1,0.1,0.0,5,0,0,0,0.3879,0.0,0.0,0.0,0.7575,nan,0.3179,0.2
A,2,2,0.0,0.1,0.1,0.0,6,0,0,0,0.0191,0.0,0.0,0.0,-0.0283,nan,0.2842,0.2
A,2,2,0.0,0.1,0.1,0.0,7,0,1,1,0.7071,0.0,1.0,1.0,1.0,45.0,0.0,0.2
A,2,2,0.0,0.1,0.1,0.0,8,0,0,0,0.0612,0.0,0.0,0.0,-0.1145,nan,0.2827,0.2
A,2,2,0.0,0.1,0.1,0.0,9,0,0,0,0.9708,0.0,1.0,1.0,0.856,76.13,0.0,0.2
A,2,2,0.0,0.1,0.1,0.0,10,0,0,0,-0.1778,0.0,0.0,0.0,0.1486,nan,0.2988,0.2
A,2,2,0.0,0.1,0.1,0.0,11,0,1,1,0.5231,0.0,1.0,1.0,0.9725,31.54,0.0364,0.2
A,2,2,0.0,0.1,0.1,0.0,12,0,0,0,0.3617,0.0,0.0,0.0,0.601,36.53,0.2725,0.2
A,2,2,0.0,0.1,0.1,0.0,13,0,1,1,0.7694,0.0,1.0,1.0,0.9957,50.3,0.0,0.2
A,2,2,0.0,0.1,0.1,0.0,14,0,0,0,0.3592,0.0,0.0,0.0,0.6201,34.75,0.3135,0.2
A,2,2,0.0,0.1,0.1,0.0,15,0,1,1,0.5318,0.0,1.0,1.0,0.9749,98.04,0.0379,0.2
A,2,2,0.0,0.1,0.1,0.0,16,0,0,0,0.5981,0.0,0.0,0.0,0.0373,nan,0.3267,0.2
A,2,2,0.0,0.1,0.1,0.0,17,0,0,0,0.5273,0.0,0.0,0.0,0.1547,nan,0.292,0.2
A,2,2,0.0,0.1,0.1,0.0,18,0,1,1,0.5211,0.0,1.0,1.0,0.972,31.41,0.0373,0.2
A,2,2,0.0,0.1,0.1,0.0,19,0,0,0,0.2973,0.0,0.0,0.0,0.3745,nan,0.2983,0.2
A,2,2,0.0,0.1,0.1,0.0,20,0,1,1,0.5214,0.0,1.0,1.0,0.9721,31.42,0.0401,0.2
A,2,2,0.0,0.1,0.1,0.0,21,0,1,1,0.5269,0.0,1.0,1.0,0.9736,31.8,0.0403,0.2
A,2,2,0.0,0.1,0.1,0.0,22,0,1,1,0.5258,0.0,1.0,1.0,0.9733,31.72,0.0392,0.2
A,2,2,0.0,0.1,0.1,0.0,23,0,0,0,0.2077,0.0,0.0,0.0,0.4318,nan,0.3052,0.2
A,2,2,0.0,0.1,0.1,0.05,0,1,0,0,0.9645,1.0,0.0,1.0,0.6795,105.32,0.0,0.2
A,2,2,0.0,0.1,0.1,0.05,1,0,0,0,1.0,1.0,1.0,1.0,0.7071,90.0,0.0,0.2
A,2,2,0.0,0.1,0.1,0.05,2,0,0,0,-0.3841,0.0,0.0,0.0,-0.3882,nan,0.3364,0.2
A,2,2,0.0,0.1,0.1,0.05,3,0,1,1,0.6159,1.0,1.0,1.0,0.9926,38.02,0.0737,0.2
A,2,2,0.0,0.1,0.1,0.05,4,0,1,1,0.614,1.0,1.0,1.0,0.9923,104.79,0.0728,0.2
A,2,2,0.0,0.1,0.1,0.05,5,0,0,0,0.9939,1.0,1.0,1.0,0.6248,96.33,0.0,0.2
A,2,2,0.0,0.1,0.1,0.05,6,0,0,0,-0.0714,0.0,0.0,0.0,-0.2246,nan,0.3594,0.2
A,2,2,0.0,0.1,0.1,0.05,7,0,1,1,0.6149,1.0,1.0,1.0,0.9924,37.95,0.068,0.2
A,2,2,0.0,0.1,0.1,0.05,8,0,0,0,0.0326,0.0,0.0,0.0,-0.4049,nan,0.3447,0.2
A,2,2,0.0,0.1,0.1,0.05,9,0,0,0,1.0,1.0,1.0,1.0,0.7071,90.0,0.0,0.2
A,2,2,0.0,0.1,0.1,0.05,10,0,1,1,0.6126,1.0,1.0,1.0,0.9921,37.78,0.0742,0.2
A,2,2,0.0,0.1,0.1,0.05,11,0,1,1,0.6171,1.0,1.0,1.0,0.9928,38.1,0.0729,0.2
A,2,2,0.0,0.1,0.1,0.05,12,0,1,1,0.6162,1.0,1.0,1.0,0.9926,38.04,0.0704,0.2
A,2,2,0.0,0.1,0.1,0.05,13,0,0,0,0.3589,0.0,0.0,0.0,-0.0476,nan,0.3721,0.2
A,2,2,0.0,0.1,0.1,0.05,14,0,1,1,0.6144,1.0,1.0,1.0,0.9923,37.91,0.0675,0.2
A,2,2,0.0,0.1,0.1,0.05,15,0,0,0,0.0026,0.0,0.0,0.0,0.4489,nan,0.3525,0.2
A,2,2,0.0,0.1,0.1,0.05,16,0,0,0,0.4046,0.0,0.0,0.0,0.1557,nan,0.3511,0.2
A,2,2,0.0,0.1,0.1,0.05,17,1,0,0,1.0,1.0,0.0,1.0,0.7071,90.0,0.0,0.2
A,2,2,0.0,0.1,0.1,0.05,18,0,0,0,1.0,1.0,1.0,1.0,0.7071,90.0,0.0,0.2
A,2,2,0.0,0.1,0.1,0.05,19,0,1,1,0.6154,1.0,1.0,1.0,0.9925,37.98,0.0694,0.2
A,2,2,0.0,0.1,0.1,0.05,20,0,0,0,0.9597,1.0,1.0,1.0,0.6177,106.32,0.0,0.2
A,2,2,0.0,0.1,0.1,0.05,21,0,0,0,-0.1672,0.0,0.0,0.0,-0.3958,nan,0.3359,0.2
A,2,2,0.0,0.1,0.1,0.05,22,0,1,1,0.6177,1.0,1.0,1.0,0.9929,38.15,0.0724,0.2
A,2,2,0.0,0.1,0.1,0.05,23,0,1,1,0.6169,1.0,1.0,1.0,0.9927,38.09,0.0753,0.2
A,2,2,0.0,0.1,0.1,0.1,0,0,1,1,0.7064,1.0,1.0,1.0,1.0,44.95,0.1042,0.2
A,2,2,0.0,0.1,0.1,0.1,1,0,1,1,0.7051,1.0,1.0,1.0,1.0,44.84,0.1075,0.2
A,2,2,0.0,0.1,0.1,0.1,2,1,0,0,0.9045,1.0,0.0,1.0,0.7071,115.25,0.0,0.2
A,2,2,0.0,0.1,0.1,0.1,3,0,0,0,0.2102,0.0,0.0,0.0,0.1405,nan,0.417,0.2
A,2,2,0.0,0.1,0.1,0.1,4,1,0,0,0.8322,1.0,0.0,1.0,0.7071,nan,0.0,0.2
A,2,2,0.0,0.1,0.1,0.1,5,0,0,0,-0.3698,0.0,0.0,0.0,-0.0928,nan,0.376,0.2
A,2,2,0.0,0.1,0.1,0.1,6,0,1,1,0.7068,1.0,1.0,1.0,1.0,44.97,0.1033,0.2
A,2,2,0.0,0.1,0.1,0.1,7,0,1,1,0.7084,1.0,1.0,1.0,1.0,45.1,0.095,0.2
A,2,2,0.0,0.1,0.1,0.1,8,0,0,0,1.0,1.0,1.0,1.0,0.7071,90.0,0.0,0.2
A,2,2,0.0,0.1,0.1,0.1,9,0,1,1,0.7039,1.0,1.0,1.0,1.0,44.74,0.1054,0.2
A,2,2,0.0,0.1,0.1,0.1,10,1,0,0,0.9987,1.0,0.0,1.0,0.6737,92.97,0.0,0.2
A,2,2,0.0,0.1,0.1,0.1,11,0,0,0,0.1125,0.0,0.0,0.0,0.0952,nan,0.3877,0.2
A,2,2,0.0,0.1,0.1,0.1,12,0,1,1,0.7063,1.0,1.0,1.0,1.0,44.93,0.1074,0.2
A,2,2,0.0,0.1,0.1,0.1,13,0,1,1,0.7564,0.0,0.0,1.0,1.0,98.91,0.094,0.2
A,2,2,0.0,0.1,0.1,0.1,14,0,0,0,0.0308,0.0,0.0,0.0,0.0924,nan,0.3994,0.2
A,2,2,0.0,0.1,0.1,0.1,15,0,1,1,0.7063,1.0,1.0,1.0,1.0,44.93,0.0981,0.2
A,2,2,0.0,0.1,0.1,0.1,16,0,1,1,0.7056,1.0,1.0,1.0,1.0,44.88,0.0942,0.2
A,2,2,0.0,0.1,0.1,0.1,17,0,0,0,1.0,1.0,1.0,1.0,0.7071,90.0,0.0,0.2
A,2,2,0.0,0.1,0.1,0.1,18,0,0,0,0.2831,0.0,0.0,0.0,0.6729,22.95,0.4072,0.2
A,2,2,0.0,0.1,0.1,0.1,19,0,0,0,0.2601,0.0,0.0,0.0,0.2543,nan,0.4097,0.2
A,2,2,0.0,0.1,0.1,0.1,20,0,0,0,0.0478,0.0,0.0,0.0,-0.0695,nan,0.4072,0.2
A,2,2,0.0,0.1,0.1,0.1,21,0,1,1,0.7084,1.0,1.0,1.0,1.0,45.11,0.0974,0.2
A,2,2,0.0,0.1,0.1,0.1,22,0,0,0,0.9998,1.0,1.0,1.0,0.6924,91.18,0.0,0.2
A,2,2,0.0,0.1,0.1,0.1,23,0,1,1,0.71,1.0,1.0,1.0,1.0,85.43,0.1035,0.2
A,2,2,0.0,0.1,0.1,0.15,0,0,0,0,1.0,1.0,1.0,1.0,0.7071,90.0,0.0,0.2
A,2,2,0.0,0.1,0.1,0.15,1,0,0,0,0.9959,1.0,1.0,1.0,0.64,95.21,0.0,0.2
A,2,2,0.0,0.1,0.1,0.15,2,0,1,1,0.7887,1.0,1.0,1.0,0.9924,52.06,0.1196,0.2
A,2,2,0.0,0.1,0.1,0.15,3,0,0,0,1.0,1.0,1.0,1.0,0.7071,90.0,0.0,0.2
A,2,2,0.0,0.1,0.1,0.15,4,0,1,1,0.7866,1.0,1.0,1.0,0.9928,51.87,0.114,0.2
A,2,2,0.0,0.1,0.1,0.15,5,0,1,1,0.7895,1.0,1.0,1.0,0.9923,52.14,0.1269,0.2
A,2,2,0.0,0.1,0.1,0.15,6,0,0,0,1.0,1.0,1.0,1.0,0.7071,90.0,0.0,0.2
A,2,2,0.0,0.1,0.1,0.15,7,1,0,0,0.9617,1.0,0.0,1.0,0.6971,105.91,0.0,0.2
A,2,2,0.0,0.1,0.1,0.15,8,0,0,0,0.9999,1.0,1.0,1.0,0.6981,90.72,0.0,0.2
A,2,2,0.0,0.1,0.1,0.15,9,0,1,1,0.7881,1.0,1.0,1.0,0.9925,52.01,0.1225,0.2
A,2,2,0.0,0.1,0.1,0.15,10,1,0,0,0.9835,1.0,0.0,1.0,0.7071,100.42,0.0,0.2
A,2,2,0.0,0.1,0.1,0.15,11,1,0,0,0.8677,1.0,0.0,1.0,0.7071,119.81,0.0,0.2
A,2,2,0.0,0.1,0.1,0.15,12,0,0,0,-0.0586,0.0,0.0,0.0,-0.0272,nan,0.438,0.2
A,2,2,0.0,0.1,0.1,0.15,13,0,0,0,0.0954,0.0,0.0,0.0,-0.2131,nan,0.4531,0.2
A,2,2,0.0,0.1,0.1,0.15,14,0,0,0,1.0,1.0,1.0,1.0,0.7071,90.0,0.0,0.2
A,2,2,0.0,0.1,0.1,0.15,15,0,0,0,-0.3365,0.0,0.0,0.0,-0.1921,nan,0.4609,0.2
A,2,2,0.0,0.1,0.1,0.15,16,0,0,0,1.0,1.0,1.0,1.0,0.7071,90.0,0.0,0.2
A,2,2,0.0,0.1,0.1,0.15,17,0,1,1,0.7877,1.0,1.0,1.0,0.9926,61.12,0.1197,0.2
A,2,2,0.0,0.1,0.1,0.15,18,1,0,0,0.9998,1.0,0.0,1.0,0.7071,91.23,0.0,0.2
A,2,2,0.0,0.1,0.1,0.15,19,0,1,1,0.7891,1.0,1.0,1.0,0.9923,52.1,0.1196,0.2
A,2,2,0.0,0.1,0.1,0.15,20,0,0,0,0.9935,1.0,1.0,1.0,0.6222,96.52,0.0,0.2
A,2,2,0.0,0.1,0.1,0.15,21,0,1,1,0.7895,1.0,1.0,1.0,0.9923,52.14,0.1235,0.2
A,2,2,0.0,0.1,0.1,0.15,22,1,0,0,0.9993,1.0,0.0,1.0,0.6973,92.14,0.0,0.2
A,2,2,0.0,0.1,0.1,0.15,23,0,0,0,-0.266,0.0,0.0,0.0,-0.1159,nan,0.4556,0.2
A,2,2,0.0,0.1,0.1,0.2,0,1,0,0,0.9246,1.0,0.0,1.0,0.7071,112.4,0.0,0.2
A,2,2,0.0,0.1,0.1,0.2,1,0,1,1,0.8518,1.0,1.0,1.0,0.9728,58.4,0.1339,0.2
A,2,2,0.0,0.1,0.1,0.2,2,0,1,1,0.8543,1.0,1.0,1.0,0.9716,58.68,0.1338,0.2
A,2,2,0.0,0.1,0.1,0.2,3,1,0,0,0.8227,1.0,0.0,1.0,0.7071,nan,0.0,0.2
A,2,2,0.0,0.1,0.1,0.2,4,0,0,0,-0.1585,0.0,0.0,0.0,0.1197,nan,0.4888,0.2
A,2,2,0.0,0.1,0.1,0.2,5,0,1,1,0.8494,1.0,1.0,1.0,0.9738,77.45,0.144,0.2
A,2,2,0.0,0.1,0.1,0.2,6,1,0,0,0.8957,1.0,0.0,1.0,0.7071,116.4,0.0,0.2
A,2,2,0.0,0.1,0.1,0.2,7,0,0,0,-0.1049,0.0,0.0,0.0,-0.0983,nan,0.4946,0.2
A,2,2,0.0,0.1,0.1,0.2,8,0,1,1,0.8503,1.0,1.0,1.0,0.9734,58.25,0.1373,0.2
A,2,2,0.0,0.1,0.1,0.2,9,0,1,1,0.853,1.0,1.0,1.0,0.9722,58.54,0.1401,0.2
A,2,2,0.0,0.1,0.1,0.2,10,0,1,1,0.8534,1.0,1.0,1.0,0.972,58.59,0.1439,0.2
A,2,2,0.0,0.1,0.1,0.2,11,1,0,0,0.8403,1.0,0.0,1.0,0.7071,nan,0.0,0.2
A,2,2,0.0,0.1,0.1,0.2,12,1,0,0,0.9415,1.0,0.0,1.0,0.7071,109.69,0.0,0.2
A,2,2,0.0,0.1,0.1,0.2,13,0,0,0,-0.1803,0.0,0.0,0.0,-0.3173,nan,0.4922,0.2
A,2,2,0.0,0.1,0.1,0.2,14,0,1,1,0.8519,1.0,1.0,1.0,0.9727,58.42,0.1482,0.2
A,2,2,0.0,0.1,0.1,0.2,15,0,1,1,0.8507,1.0,1.0,1.0,0.9732,58.29,0.1411,0.2
A,2,2,0.0,0.1,0.1,0.2,16,1,0,0,0.9447,1.0,0.0,1.0,0.7071,109.15,0.0,0.2
A,2,2,0.0,0.1,0.1,0.2,17,0,1,1,0.8498,1.0,1.0,1.0,0.9736,58.19,0.1393,0.2
A,2,2,0.0,0.1,0.1,0.2,18,0,1,1,0.8527,1.0,1.0,1.0,0.9723,58.51,0.1402,0.2
A,2,2,0.0,0.1,0.1,0.2,19,1,0,0,0.9676,1.0,0.0,1.0,0.7071,104.63,0.0,0.2
A,2,2,0.0,0.1,0.1,0.2,20,0,0,0,0.9885,1.0,1.0,1.0,0.5922,98.69,0.0,0.2
A,2,2,0.0,0.1,0.1,0.2,21,0,0,0,0.2,0.0,0.0,0.0,-0.2613,nan,0.4961,0.2
A,2,2,0.0,0.1,0.1,0.2,22,0,1,1,0.8508,1.0,1.0,1.0,0.9732,58.3,0.1434,0.2
A,2,2,0.0,0.1,0.1,0.2,23,0,0,0,-0.1147,0.0,0.0,0.0,0.3161,nan,0.5142,0.2
A,2,2,0.0,0.1,0.1,0.3,0,0,0,0,0.2104,0.0,0.0,0.0,0.2339,nan,0.5654,0.2
A,2,2,0.0,0.1,0.1,0.3,1,0,1,1,0.9237,1.0,1.0,1.0,0.9241,67.47,0.1564,0.2
A,2,2,0.0,0.1,0.1,0.3,2,0,0,0,1.0,1.0,1.0,1.0,0.7071,90.0,0.0,0.2
A,2,2,0.0,0.1,0.1,0.3,3,0,1,1,0.9247,1.0,1.0,1.0,0.9231,67.62,0.1693,0.2
A,2,2,0.0,0.1,0.1,0.3,4,0,1,1,0.9241,1.0,1.0,1.0,0.9237,67.53,0.1627,0.2
A,2,2,0.0,0.1,0.1,0.3,5,0,1,1,0.9261,1.0,1.0,1.0,0.9217,67.83,0.1495,0.2
A,2,2,0.0,0.1,0.1,0.3,6,0,0,0,1.0,1.0,1.0,1.0,0.7071,90.0,0.0,0.2
A,2,2,0.0,0.1,0.1,0.3,7,0,1,1,0.9247,1.0,1.0,1.0,0.923,67.63,0.1612,0.2
A,2,2,0.0,0.1,0.1,0.3,8,1,0,0,0.88,1.0,0.0,1.0,0.7071,118.35,0.0,0.2
A,2,2,0.0,0.1,0.1,0.3,9,0,1,1,0.9221,1.0,1.0,1.0,0.9256,67.24,0.1659,0.2
A,2,2,0.0,0.1,0.1,0.3,10,0,0,0,-0.4011,0.0,0.0,0.0,-0.2276,nan,0.6162,0.2
A,2,2,0.0,0.1,0.1,0.3,11,0,1,1,0.9213,1.0,1.0,1.0,0.9264,67.12,0.1659,0.2
A,2,2,0.0,0.1,0.1,0.3,12,0,1,1,0.9238,1.0,1.0,1.0,0.9239,67.49,0.165,0.2
A,2,2,0.0,0.1,0.1,0.3,13,1,0,0,0.9663,1.0,0.0,1.0,0.7071,104.92,0.0,0.2
A,2,2,0.0,0.1,0.1,0.3,14,0,0,0,-0.2625,0.0,0.0,0.0,-0.4653,nan,0.5752,0.2
A,2,2,0.0,0.1,0.1,0.3,15,0,1,1,0.9235,1.0,1.0,1.0,0.9242,67.45,0.1519,0.2
A,2,2,0.0,0.1,0.1,0.3,16,0,0,0,-0.0253,0.0,0.0,0.0,0.087,nan,0.5898,0.2
A,2,2,0.0,0.1,0.1,0.3,17,0,1,1,0.923,1.0,1.0,1.0,0.9247,67.37,0.1582,0.2
A,2,2,0.0,0.1,0.1,0.3,18,0,1,1,0.9233,1.0,1.0,1.0,0.9245,67.41,0.1694,0.2
A,2,2,0.0,0.1,0.1,0.3,19,0,0,0,-0.666,0.0,0.0,0.0,-0.3126,nan,0.5923,0.2
A,2,2,0.0,0.1,0.1,0.3,20,0,1,1,0.9239,1.0,1.0,1.0,0.9239,67.5,0.149,0.2
A,2,2,0.0,0.1,0.1,0.3,21,0,0,0,1.0,1.0,1.0,1.0,0.707,90.0,0.0,0.2
A,2,2,0.0,0.1,0.1,0.3,22,0,1,1,0.9243,1.0,1.0,1.0,0.9235,67.56,0.1633,0.2
A,2,2,0.0,0.1,0.1,0.3,23,0,0,0,0.126,0.0,0.0,0.0,-0.1747,nan,0.6152,0.2
A,2,2,0.0,0.1,0.1,0.4,0,0,0,0,-0.0603,0.0,0.0,0.0,0.0373,nan,0.6997,0.2
A,2,2,0.0,0.1,0.1,0.4,1,0,0,0,0.957,1.0,1.0,1.0,0.8818,73.14,0.1685,0.2
A,2,2,0.0,0.1,0.1,0.4,2,0,0,0,1.0,1.0,1.0,1.0,0.7071,90.0,0.0,0.2
A,2,2,0.0,0.1,0.1,0.4,3,0,0,0,-0.1781,0.0,0.0,0.0,0.0435,nan,0.7061,0.2
A,2,2,0.0,0.1,0.1,0.4,4,0,0,0,1.0,1.0,1.0,1.0,0.7071,90.0,0.0,0.2
A,2,2,0.0,0.1,0.1,0.4,5,0,0,0,0.9557,1.0,1.0,1.0,0.884,72.87,0.1688,0.2
A,2,2,0.0,0.1,0.1,0.4,6,0,0,0,0.9568,1.0,1.0,1.0,0.8821,73.1,0.1589,0.2
A,2,2,0.0,0.1,0.1,0.4,7,0,0,0,0.9554,1.0,1.0,1.0,0.6487,107.18,0.0,0.2
A,2,2,0.0,0.1,0.1,0.4,8,0,0,0,0.2159,0.0,0.0,0.0,0.2042,nan,0.6943,0.2
A,2,2,0.0,0.1,0.1,0.4,9,0,0,0,0.9567,1.0,1.0,1.0,0.8823,73.08,0.1805,0.2
A,2,2,0.0,0.1,0.1,0.4,10,1,0,0,0.8653,1.0,0.0,1.0,0.7071,nan,0.0,0.2
A,2,2,0.0,0.1,0.1,0.4,11,0,0,0,0.0803,0.0,0.0,0.0,-0.2202,nan,0.7046,0.2
A,2,2,0.0,0.1,0.1,0.4,12,0,0,0,1.0,1.0,1.0,1.0,0.7071,90.0,0.0,0.2
A,2,2,0.0,0.1,0.1,0.4,13,0,0,0,1.0,1.0,1.0,1.0,0.7071,90.0,0.0,0.2
A,2,2,0.0,0.1,0.1,0.4,14,0,0,0,0.957,1.0,1.0,1.0,0.8819,73.13,0.1671,0.2
A,2,2,0.0,0.1,0.1,0.4,15,0,0,0,-0.0606,0.0,0.0,0.0,0.2853,nan,0.6885,0.2
A,2,2,0.0,0.1,0.1,0.4,16,1,0,0,0.7872,1.0,0.0,1.0,0.7071,nan,0.0,0.2
A,2,2,0.0,0.1,0.1,0.4,17,0,0,0,0.9568,1.0,1.0,1.0,0.8821,73.1,0.171,0.2
A,2,2,0.0,0.1,0.1,0.4,18,0,0,0,0.9575,1.0,1.0,1.0,0.8811,73.23,0.1602,0.2
A,2,2,0.0,0.1,0.1,0.4,19,0,0,0,0.1563,0.0,0.0,0.0,-0.3715,nan,0.7026,0.2
A,2,2,0.0,0.1,0.1,0.4,20,0,0,0,-0.2246,0.0,0.0,0.0,-0.2575,nan,0.6973,0.2
A,2,2,0.0,0.1,0.1,0.4,21,0,0,0,0.956,1.0,1.0,1.0,0.8835,72.94,0.1724,0.2
A,2,2,0.0,0.1,0.1,0.4,22,0,0,0,0.2037,0.0,0.0,0.0,0.0951,nan,0.7036,0.2
A,2,2,0.0,0.1,0.1,0.4,23,0,0,0,0.9558,1.0,1.0,1.0,0.8838,72.89,0.176,0.2
A,2,2,0.0,0.1,0.1,0.6,0,0,0,0,0.9817,1.0,1.0,1.0,0.8287,79.03,0.1815,0.2
A,2,2,0.0,0.1,0.1,0.6,1,0,0,0,1.0,1.0,1.0,1.0,0.7071,90.0,0.0,0.2
A,2,2,0.0,0.1,0.1,0.6,2,0,0,0,-0.1919,0.0,0.0,0.0,-0.4935,nan,0.8711,0.2
A,2,2,0.0,0.1,0.1,0.6,3,0,0,0,0.9825,1.0,1.0,1.0,0.8263,79.28,0.176,0.2
A,2,2,0.0,0.1,0.1,0.6,4,0,0,0,0.0081,0.0,0.0,0.0,0.2976,nan,0.895,0.2
A,2,2,0.0,0.1,0.1,0.6,5,0,0,0,-0.1116,0.0,0.0,0.0,0.049,nan,0.9023,0.2
A,2,2,0.0,0.1,0.1,0.6,6,0,0,0,0.982,1.0,1.0,1.0,0.8281,79.1,0.1825,0.2
A,2,2,0.0,0.1,0.1,0.6,7,0,0,0,0.9821,1.0,1.0,1.0,0.8276,79.14,0.1856,0.2
A,2,2,0.0,0.1,0.1,0.6,8,0,0,0,0.9824,1.0,1.0,1.0,0.8269,79.22,0.1739,0.2
A,2,2,0.0,0.1,0.1,0.6,9,0,0,0,0.982,1.0,1.0,1.0,0.8278,79.12,0.1827,0.2
A,2,2,0.0,0.1,0.1,0.6,10,0,0,0,0.9102,0.0,0.0,0.0,0.5186,100.99,0.8916,0.2
A,2,2,0.0,0.1,0.1,0.6,11,0,0,0,0.9817,1.0,1.0,1.0,0.8288,79.02,0.1894,0.2
A,2,2,0.0,0.1,0.1,0.6,12,0,0,0,0.9826,1.0,1.0,1.0,0.826,79.31,0.1789,0.2
A,2,2,0.0,0.1,0.1,0.6,13,0,0,0,0.1739,0.0,0.0,0.0,-0.076,nan,0.8999,0.2
A,2,2,0.0,0.1,0.1,0.6,14,0,0,0,0.9824,1.0,1.0,1.0,0.8269,79.22,0.1737,0.2
A,2,2,0.0,0.1,0.1,0.6,15,0,0,0,0.9818,1.0,1.0,1.0,0.8286,79.05,0.1807,0.2
A,2,2,0.0,0.1,0.1,0.6,16,1,0,0,0.8431,1.0,0.0,1.0,0.7071,nan,0.0,0.2
A,2,2,0.0,0.1,0.1,0.6,17,0,0,0,0.9819,1.0,1.0,1.0,0.8282,79.09,0.1768,0.2
A,2,2,0.0,0.1,0.1,0.6,18,0,0,0,1.0,1.0,1.0,1.0,0.7071,90.0,0.0,0.2
A,2,2,0.0,0.1,0.1,0.6,19,0,0,0,0.9817,1.0,1.0,1.0,0.8288,79.02,0.1857,0.2
A,2,2,0.0,0.1,0.1,0.6,20,0,0,0,0.9819,1.0,1.0,1.0,0.8283,79.08,0.1801,0.2
A,2,2,0.0,0.1,0.1,0.6,21,0,0,0,0.5201,0.0,0.0,0.0,0.5584,62.6,0.8975,0.2
A,2,2,0.0,0.1,0.1,0.6,22,1,0,0,0.9361,1.0,0.0,1.0,0.7071,110.6,0.0,0.2
A,2,2,0.0,0.1,0.1,0.6,23,0,0,0,0.9823,1.0,1.0,1.0,0.8271,79.2,0.1729,0.2
A,2,2,0.0,0.2,0.2,0.0,0,0,0,0,0.5166,0.0,0.0,0.0,0.2526,107.14,0.5825,0.4
A,2,2,0.0,0.2,0.2,0.0,1,0,0,0,0.4212,0.0,0.0,0.0,0.1607,nan,0.6108,0.4
A,2,2,0.0,0.2,0.2,0.0,2,0,0,0,0.3575,0.0,0.0,0.0,0.5045,45.12,0.6216,0.4
A,2,2,0.0,0.2,0.2,0.0,3,0,0,0,0.4798,0.0,0.0,0.0,0.6159,64.5,0.5845,0.4
A,2,2,0.0,0.2,0.2,0.0,4,0,0,0,0.1871,0.0,0.0,0.0,0.354,nan,0.6064,0.4
A,2,2,0.0,0.2,0.2,0.0,5,0,0,0,0.3879,0.0,0.0,0.0,0.7575,nan,0.6294,0.4
A,2,2,0.0,0.2,0.2,0.0,6,0,0,0,0.0182,0.0,0.0,0.0,-0.0292,nan,0.5947,0.4
A,2,2,0.0,0.2,0.2,0.0,7,0,1,1,0.7071,0.0,1.0,1.0,1.0,45.0,0.0,0.4
A,2,2,0.0,0.2,0.2,0.0,8,0,0,0,0.0612,0.0,0.0,0.0,-0.1145,nan,0.583,0.4
A,2,2,0.0,0.2,0.2,0.0,9,0,0,0,0.9721,0.0,1.0,1.0,0.8533,76.43,0.0,0.4
A,2,2,0.0,0.2,0.2,0.0,10,0,0,0,-0.1772,0.0,0.0,0.0,0.1486,nan,0.606,0.4
A,2,2,0.0,0.2,0.2,0.0,11,0,1,1,0.5275,0.0,1.0,1.0,0.9737,31.83,0.0774,0.4
A,2,2,0.0,0.2,0.2,0.0,12,0,0,0,0.3617,0.0,0.0,0.0,0.601,36.53,0.5747,0.4
A,2,2,0.0,0.2,0.2,0.0,13,0,1,1,0.7713,0.0,1.0,1.0,0.9954,50.47,0.0,0.4
A,2,2,0.0,0.2,0.2,0.0,14,0,0,0,0.3592,0.0,0.0,0.0,0.6201,34.75,0.6211,0.4
A,2,2,0.0,0.2,0.2,0.0,15,0,1,1,0.5299,0.0,0.0,1.0,0.9733,98.1,0.0768,0.4
A,2,2,0.0,0.2,0.2,0.0,16,0,0,0,0.598,0.0,0.0,0.0,0.0371,nan,0.6313,0.4
A,2,2,0.0,0.2,0.2,0.0,17,0,0,0,0.5278,0.0,0.0,0.0,0.1555,nan,0.5884,0.4
A,2,2,0.0,0.2,0.2,0.0,18,0,1,1,0.5276,0.0,1.0,1.0,0.9738,31.85,0.0747,0.4
A,2,2,0.0,0.2,0.2,0.0,19,0,0,0,0.2973,0.0,0.0,0.0,0.3745,nan,0.5825,0.4
A,2,2,0.0,0.2,0.2,0.0,20,0,1,1,0.5267,0.0,1.0,1.0,0.9735,31.78,0.0779,0.4
A,2,2,0.0,0.2,0.2,0.0,21,0,1,1,0.5273,0.0,1.0,1.0,0.9737,31.82,0.0752,0.4
A,2,2,0.0,0.2,0.2,0.0,22,0,1,1,0.528,0.0,1.0,1.0,0.9739,31.87,0.0772,0.4
A,2,2,0.0,0.2,0.2,0.0,23,0,0,0,0.2077,0.0,0.0,0.0,0.4318,nan,0.5933,0.4
A,2,2,0.0,0.2,0.2,0.05,0,0,0,0,0.9917,1.0,1.0,1.0,0.6104,97.38,0.0,0.4
A,2,2,0.0,0.2,0.2,0.05,1,0,0,0,1.0,1.0,1.0,1.0,0.7071,90.0,0.0,0.4
A,2,2,0.0,0.2,0.2,0.05,2,0,0,0,-0.3873,0.0,0.0,0.0,-0.3884,nan,0.6475,0.4
A,2,2,0.0,0.2,0.2,0.05,3,0,1,1,0.569,1.0,1.0,1.0,0.9838,34.68,0.1067,0.4
A,2,2,0.0,0.2,0.2,0.05,4,0,1,1,0.5724,1.0,1.0,1.0,0.9846,104.79,0.1091,0.4
A,2,2,0.0,0.2,0.2,0.05,5,0,0,0,0.999,1.0,1.0,1.0,0.6748,92.56,0.0,0.4
A,2,2,0.0,0.2,0.2,0.05,6,0,0,0,-0.0714,0.0,0.0,0.0,-0.2246,nan,0.6528,0.4
A,2,2,0.0,0.2,0.2,0.05,7,0,1,1,0.5675,1.0,1.0,1.0,0.9835,34.57,0.1118,0.4
A,2,2,0.0,0.2,0.2,0.05,8,0,0,0,0.0326,0.0,0.0,0.0,-0.4049,nan,0.6509,0.4
A,2,2,0.0,0.2,0.2,0.05,9,0,0,0,1.0,1.0,1.0,1.0,0.7071,90.0,0.0,0.4
A,2,2,0.0,0.2,0.2,0.05,10,0,1,1,0.5692,1.0,1.0,1.0,0.9839,34.69,0.1059,0.4
A,2,2,0.0,0.2,0.2,0.05,11,0,1,1,0.5695,1.0,1.0,1.0,0.9839,34.72,0.1148,0.4
A,2,2,0.0,0.2,0.2,0.05,12,0,1,1,0.5686,1.0,1.0,1.0,0.9837,34.65,0.1111,0.4
A,2,2,0.0,0.2,0.2,0.05,13,0,0,0,0.3592,0.0,0.0,0.0,-0.047,nan,0.6802,0.4
A,2,2,0.0,0.2,0.2,0.05,14,0,1,1,0.5711,1.0,1.0,1.0,0.9843,34.83,0.1131,0.4
A,2,2,0.0,0.2,0.2,0.05,15,0,0,0,0.0026,0.0,0.0,0.0,0.4489,nan,0.6504,0.4
A,2,2,0.0,0.2,0.2,0.05,16,0,0,0,0.4046,0.0,0.0,0.0,0.1557,nan,0.6475,0.4
A,2,2,0.0,0.2,0.2,0.05,17,1,0,0,1.0,1.0,0.0,1.0,0.7071,90.0,0.0,0.4
A,2,2,0.0,0.2,0.2,0.05,18,0,0,0,1.0,1.0,1.0,1.0,0.7071,90.0,0.0,0.4
A,2,2,0.0,0.2,0.2,0.05,19,0,1,1,0.5716,1.0,1.0,1.0,0.9844,34.86,0.1131,0.4
A,2,2,0.0,0.2,0.2,0.05,20,0,0,0,0.9588,1.0,1.0,1.0,0.5969,106.5,0.0,0.4
A,2,2,0.0,0.2,0.2,0.05,21,0,0,0,-0.1672,0.0,0.0,0.0,-0.3958,nan,0.6353,0.4
A,2,2,0.0,0.2,0.2,0.05,22,0,1,1,0.5733,1.0,1.0,1.0,0.9848,34.98,0.1058,0.4
A,2,2,0.0,0.2,0.2,0.05,23,0,1,1,0.5673,1.0,1.0,1.0,0.9834,34.56,0.1128,0.4
A,2,2,0.0,0.2,0.2,0.1,0,0,1,1,0.6161,1.0,1.0,1.0,0.9926,38.03,0.143,0.4
A,2,2,0.0,0.2,0.2,0.1,1,0,1,1,0.6195,1.0,1.0,1.0,0.9931,38.28,0.1453,0.4
A,2,2,0.0,0.2,0.2,0.1,2,1,0,0,0.9317,1.0,0.0,1.0,0.7071,111.29,0.0,0.4
A,2,2,0.0,0.2,0.2,0.1,3,0,0,0,0.2102,0.0,0.0,0.0,0.1405,nan,0.7119,0.4
A,2,2,0.0,0.2,0.2,0.1,4,1,0,0,0.8457,1.0,0.0,1.0,0.7071,nan,0.0,0.4
A,2,2,0.0,0.2,0.2,0.1,5,0,0,0,-0.3694,0.0,0.0,0.0,-0.0928,nan,0.6787,0.4
A,2,2,0.0,0.2,0.2,0.1,6,0,1,1,0.6159,1.0,1.0,1.0,0.9926,38.02,0.1419,0.4
A,2,2,0.0,0.2,0.2,0.1,7,0,1,1,0.6129,1.0,1.0,1.0,0.9921,37.8,0.1449,0.4
A,2,2,0.0,0.2,0.2,0.1,8,0,0,0,1.0,1.0,1.0,1.0,0.7071,90.0,0.0,0.4
A,2,2,0.0,0.2,0.2,0.1,9,0,1,1,0.6182,1.0,1.0,1.0,0.9929,38.19,0.1467,0.4
A,2,2,0.0,0.2,0.2,0.1,10,0,0,0,1.0,1.0,1.0,1.0,0.7071,90.0,0.0,0.4
A,2,2,0.0,0.2,0.2,0.1,11,0,0,0,0.1125,0.0,0.0,0.0,0.0952,nan,0.6885,0.4
A,2,2,0.0,0.2,0.2,0.1,12,0,1,1,0.6165,1.0,1.0,1.0,0.9927,38.06,0.1402,0.4
A,2,2,0.0,0.2,0.2,0.1,13,0,1,1,0.7564,0.0,0.0,1.0,0.9924,98.91,0.1442,0.4
A,2,2,0.0,0.2,0.2,0.1,14,0,0,0,0.0308,0.0,0.0,0.0,0.0924,nan,0.6895,0.4
A,2,2,0.0,0.2,0.2,0.1,15,0,1,1,0.6176,1.0,1.0,1.0,0.9928,38.14,0.1485,0.4
A,2,2,0.0,0.2,0.2,0.1,16,0,1,1,0.6149,1.0,1.0,1.0,0.9924,37.95,0.1438,0.4
A,2,2,0.0,0.2,0.2,0.1,17,0,0,0,1.0,1.0,1.0,1.0,0.7071,90.0,0.0,0.4
A,2,2,0.0,0.2,0.2,0.1,18,0,0,0,0.2831,0.0,0.0,0.0,0.6729,22.95,0.7046,0.4
A,2,2,0.0,0.2,0.2,0.1,19,0,0,0,0.2601,0.0,0.0,0.0,0.2543,nan,0.7046,0.4
A,2,2,0.0,0.2,0.2,0.1,20,0,0,0,0.0478,0.0,0.0,0.0,-0.0695,nan,0.7158,0.4
A,2,2,0.0,0.2,0.2,0.1,21,0,1,1,0.6147,1.0,1.0,1.0,0.9924,37.93,0.1452,0.4
A,2,2,0.0,0.2,0.2,0.1,22,0,0,0,1.0,1.0,1.0,1.0,0.7071,90.0,0.0,0.4
A,2,2,0.0,0.2,0.2,0.1,23,0,1,1,0.6138,1.0,1.0,1.0,0.9923,85.43,0.1477,0.4
A,2,2,0.0,0.2,0.2,0.15,0,0,0,0,1.0,1.0,1.0,1.0,0.7071,90.0,0.0,0.4
A,2,2,0.0,0.2,0.2,0.15,1,0,0,0,0.9987,1.0,1.0,1.0,0.6699,92.94,0.0,0.4
A,2,2,0.0,0.2,0.2,0.15,2,0,1,1,0.6602,1.0,1.0,1.0,0.9979,41.32,0.1728,0.4
A,2,2,0.0,0.2,0.2,0.15,3,0,0,0,1.0,1.0,1.0,1.0,0.7071,90.0,0.0,0.4
A,2,2,0.0,0.2,0.2,0.15,4,0,1,1,0.662,1.0,1.0,1.0,0.9981,41.46,0.1679,0.4
A,2,2,0.0,0.2,0.2,0.15,5,0,1,1,0.6605,1.0,1.0,1.0,0.998,41.34,0.1733,0.4
A,2,2,0.0,0.2,0.2,0.15,6,0,0,0,1.0,1.0,1.0,1.0,0.7071,90.0,0.0,0.4
A,2,2,0.0,0.2,0.2,0.15,7,1,0,0,0.9603,1.0,0.0,1.0,0.6797,106.2,0.0,0.4
A,2,2,0.0,0.2,0.2,0.15,8,0,0,0,1.0,1.0,1.0,1.0,0.703,90.33,0.0,0.4
A,2,2,0.0,0.2,0.2,0.15,9,0,1,1,0.6587,1.0,1.0,1.0,0.9978,41.2,0.168,0.4
A,2,2,0.0,0.2,0.2,0.15,10,1,0,0,0.9997,1.0,0.0,1.0,0.7068,91.38,0.0,0.4
A,2,2,0.0,0.2,0.2,0.15,11,0,1,1,0.6651,1.0,1.0,1.0,0.9983,41.69,0.1731,0.4
A,2,2,0.0,0.2,0.2,0.15,12,0,0,0,-0.0586,0.0,0.0,0.0,-0.0272,nan,0.7285,0.4
A,2,2,0.0,0.2,0.2,0.15,13,0,0,0,0.0954,0.0,0.0,0.0,-0.2131,nan,0.7368,0.4
A,2,2,0.0,0.2,0.2,0.15,14,0,0,0,1.0,1.0,1.0,1.0,0.7071,90.0,0.0,0.4
A,2,2,0.0,0.2,0.2,0.15,15,0,0,0,-0.3365,0.0,0.0,0.0,-0.1921,nan,0.7603,0.4
A,2,2,0.0,0.2,0.2,0.15,16,0,0,0,1.0,1.0,1.0,1.0,0.7071,90.0,0.0,0.4
A,2,2,0.0,0.2,0.2,0.15,17,0,1,1,0.661,1.0,1.0,1.0,0.998,61.12,0.1703,0.4
A,2,2,0.0,0.2,0.2,0.15,18,1,0,0,0.9998,1.0,0.0,1.0,0.7055,91.0,0.0,0.4
A,2,2,0.0,0.2,0.2,0.15,19,0,1,1,0.664,1.0,1.0,1.0,0.9982,41.61,0.1725,0.4
A,2,2,0.0,0.2,0.2,0.15,20,0,0,0,0.9956,1.0,1.0,1.0,0.6377,95.38,0.0,0.4
A,2,2,0.0,0.2,0.2,0.15,21,0,1,1,0.6616,1.0,1.0,1.0,0.998,41.42,0.1687,0.4
A,2,2,0.0,0.2,0.2,0.15,22,0,0,0,1.0,1.0,1.0,1.0,0.7071,90.0,0.0,0.4
A,2,2,0.0,0.2,0.2,0.15,23,0,0,0,-0.2655,0.0,0.0,0.0,-0.1205,nan,0.7549,0.4
A,2,2,0.0,0.2,0.2,0.2,0,1,0,0,0.9085,1.0,0.0,1.0,0.7071,114.71,0.0,0.4
A,2,2,0.0,0.2,0.2,0.2,1,0,1,1,0.7088,1.0,1.0,1.0,1.0,45.14,0.1994,0.4
A,2,2,0.0,0.2,0.2,0.2,2,0,1,1,0.7051,1.0,1.0,1.0,1.0,44.84,0.1985,0.4
A,2,2,0.0,0.2,0.2,0.2,3,1,0,0,0.8738,1.0,0.0,1.0,0.7071,119.09,0.0,0.4
A,2,2,0.0,0.2,0.2,0.2,4,0,0,0,-0.1585,0.0,0.0,0.0,0.1197,nan,0.7715,0.4
A,2,2,0.0,0.2,0.2,0.2,5,0,1,1,0.7051,1.0,1.0,1.0,1.0,77.45,0.2002,0.4
A,2,2,0.0,0.2,0.2,0.2,6,0,0,0,0.9925,1.0,1.0,1.0,0.6151,97.04,0.0,0.4
A,2,2,0.0,0.2,0.2,0.2,7,0,0,0,-0.1048,0.0,0.0,0.0,-0.0983,nan,0.8091,0.4
A,2,2,0.0,0.2,0.2,0.2,8,0,1,1,0.7058,1.0,1.0,1.0,1.0,44.89,0.2049,0.4
A,2,2,0.0,0.2,0.2,0.2,9,0,1,1,0.7043,1.0,1.0,1.0,1.0,44.77,0.1975,0.4
A,2,2,0.0,0.2,0.2,0.2,10,0,1,1,0.7074,1.0,1.0,1.0,1.0,45.02,0.2061,0.4
A,2,2,0.0,0.2,0.2,0.2,11,1,0,0,0.8301,1.0,0.0,1.0,0.7071,nan,0.0,0.4
A,2,2,0.0,0.2,0.2,0.2,12,1,0,0,0.9242,1.0,0.0,1.0,0.7071,112.45,0.0,0.4
A,2,2,0.0,0.2,0.2,0.2,13,0,0,0,-0.1805,0.0,0.0,0.0,-0.3171,nan,0.8008,0.4
A,2,2,0.0,0.2,0.2,0.2,14,0,1,1,0.7055,1.0,1.0,1.0,1.0,44.87,0.2043,0.4
A,2,2,0.0,0.2,0.2,0.2,15,0,1,1,0.7072,1.0,1.0,1.0,1.0,45.01,0.2027,0.4
A,2,2,0.0,0.2,0.2,0.2,16,1,0,0,0.9696,1.0,0.0,1.0,0.7071,104.17,0.0,0.4
A,2,2,0.0,0.2,0.2,0.2,17,0,1,1,0.7081,1.0,1.0,1.0,1.0,45.08,0.1941,0.4
A,2,2,0.0,0.2,0.2,0.2,18,0,1,1,0.7066,1.0,1.0,1.0,1.0,44.96,0.1946,0.4
A,2,2,0.0,0.2,0.2,0.2,19,0,0,0,0.9997,1.0,1.0,1.0,0.6902,91.35,0.0,0.4
A,2,2,0.0,0.2,0.2,0.2,20,0,0,0,0.985,1.0,1.0,1.0,0.5744,99.94,0.0,0.4
A,2,2,0.0,0.2,0.2,0.2,21,0,0,0,0.2,0.0,0.0,0.0,-0.2613,nan,0.7979,0.4
A,2,2,0.0,0.2,0.2,0.2,22,0,1,1,0.7077,1.0,1.0,1.0,1.0,45.04,0.2087,0.4
A,2,2,0.0,0.2,0.2,0.2,23,0,0,0,-0.1148,0.0,0.0,0.0,0.316,nan,0.8267,0.4
A,2,2,0.0,0.2,0.2,0.3,0,0,0,0,0.2104,0.0,0.0,0.0,0.2339,nan,0.8867,0.4
A,2,2,0.0,0.2,0.2,0.3,1,0,1,1,0.7893,1.0,1.0,1.0,0.9923,52.12,0.2349,0.4
A,2,2,0.0,0.2,0.2,0.3,2,0,0,0,1.0,1.0,1.0,1.0,0.7071,90.0,0.0,0.4
A,2,2,0.0,0.2,0.2,0.3,3,0,1,1,0.7919,1.0,1.0,1.0,0.9918,52.36,0.2501,0.4
A,2,2,0.0,0.2,0.2,0.3,4,0,1,1,0.7864,1.0,1.0,1.0,0.9929,51.85,0.2424,0.4
A,2,2,0.0,0.2,0.2,0.3,5,0,1,1,0.791,1.0,1.0,1.0,0.9919,52.28,0.2561,0.4
A,2,2,0.0,0.2,0.2,0.3,6,0,0,0,1.0,1.0,1.0,1.0,0.7071,90.0,0.0,0.4
A,2,2,0.0,0.2,0.2,0.3,7,0,1,1,0.7871,1.0,1.0,1.0,0.9927,51.91,0.2473,0.4
A,2,2,0.0,0.2,0.2,0.3,8,1,0,0,0.9966,1.0,0.0,1.0,0.7071,94.72,0.0,0.4
A,2,2,0.0,0.2,0.2,0.3,9,0,1,1,0.787,1.0,1.0,1.0,0.9927,51.91,0.2516,0.4
A,2,2,0.0,0.2,0.2,0.3,10,0,0,0,-0.3923,0.0,0.0,0.0,-0.1977,nan,0.9355,0.4
A,2,2,0.0,0.2,0.2,0.3,11,0,1,1,0.7886,1.0,1.0,1.0,0.9924,52.06,0.2392,0.4
A,2,2,0.0,0.2,0.2,0.3,12,0,1,1,0.7925,1.0,1.0,1.0,0.9916,52.42,0.2486,0.4
A,2,2,0.0,0.2,0.2,0.3,13,1,0,0,0.9711,1.0,0.0,1.0,0.7071,103.82,0.0,0.4
A,2,2,0.0,0.2,0.2,0.3,14,0,0,0,-0.2536,0.0,0.0,0.0,-0.4624,nan,0.874,0.4
A,2,2,0.0,0.2,0.2,0.3,15,0,1,1,0.7916,1.0,1.0,1.0,0.9918,52.33,0.2492,0.4
A,2,2,0.0,0.2,0.2,0.3,16,0,0,0,-0.0253,0.0,0.0,0.0,0.087,nan,0.8779,0.4
A,2,2,0.0,0.2,0.2,0.3,17,0,1,1,0.7882,1.0,1.0,1.0,0.9925,52.02,0.2464,0.4
A,2,2,0.0,0.2,0.2,0.3,18,0,1,1,0.7866,1.0,1.0,1.0,0.9928,51.87,0.2385,0.4
A,2,2,0.0,0.2,0.2,0.3,19,0,0,0,-0.666,0.0,0.0,0.0,-0.3126,nan,0.9009,0.4
A,2,2,0.0,0.2,0.2,0.3,20,0,1,1,0.7883,1.0,1.0,1.0,0.9925,52.03,0.245,0.4
A,2,2,0.0,0.2,0.2,0.3,21,0,0,0,1.0,1.0,1.0,1.0,0.7071,90.0,0.0,0.4
A,2,2,0.0,0.2,0.2,0.3,22,0,1,1,0.7883,1.0,1.0,1.0,0.9925,52.03,0.2475,0.4
A,2,2,0.0,0.2,0.2,0.3,23,0,0,0,0.126,0.0,0.0,0.0,-0.1745,nan,0.9209,0.4
A,2,2,0.0,0.2,0.2,0.4,0,0,0,0,-0.0603,0.0,0.0,0.0,0.0373,nan,0.9868,0.4
A,2,2,0.0,0.2,0.2,0.4,1,0,1,1,0.851,1.0,1.0,1.0,0.9731,58.32,0.2732,0.4
A,2,2,0.0,0.2,0.2,0.4,2,0,1,1,0.8494,1.0,1.0,1.0,0.9738,58.15,0.2805,0.4
A,2,2,0.0,0.2,0.2,0.4,3,0,0,0,-0.1783,0.0,0.0,0.0,0.0451,nan,1.0054,0.4
A,2,2,0.0,0.2,0.2,0.4,4,0,0,0,1.0,1.0,1.0,1.0,0.7071,90.0,0.0,0.4
A,2,2,0.0,0.2,0.2,0.4,5,0,1,1,0.8514,1.0,1.0,1.0,0.9729,58.37,0.2791,0.4
A,2,2,0.0,0.2,0.2,0.4,6,0,1,1,0.8521,1.0,1.0,1.0,0.9726,58.45,0.2763,0.4
A,2,2,0.0,0.2,0.2,0.4,7,1,0,0,0.9229,1.0,0.0,1.0,0.7071,112.65,0.0,0.4
A,2,2,0.0,0.2,0.2,0.4,8,0,0,0,0.2159,0.0,0.0,0.0,0.2042,nan,0.9922,0.4
A,2,2,0.0,0.2,0.2,0.4,9,0,1,1,0.8492,1.0,1.0,1.0,0.9739,58.12,0.2765,0.4
A,2,2,0.0,0.2,0.2,0.4,10,1,0,0,0.9511,1.0,0.0,1.0,0.7071,107.99,0.0,0.4
A,2,2,0.0,0.2,0.2,0.4,11,0,0,0,0.0803,0.0,0.0,0.0,-0.2202,nan,1.0122,0.4
A,2,2,0.0,0.2,0.2,0.4,12,0,0,0,1.0,1.0,1.0,1.0,0.7071,90.0,0.0,0.4
A,2,2,0.0,0.2,0.2,0.4,13,0,0,0,1.0,1.0,1.0,1.0,0.7071,90.0,0.0,0.4
A,2,2,0.0,0.2,0.2,0.4,14,0,1,1,0.8504,1.0,1.0,1.0,0.9733,58.26,0.2717,0.4
A,2,2,0.0,0.2,0.2,0.4,15,0,0,0,-0.0606,0.0,0.0,0.0,0.2853,nan,0.9956,0.4
A,2,2,0.0,0.2,0.2,0.4,16,1,0,0,0.8132,1.0,0.0,1.0,0.7071,nan,0.0,0.4
A,2,2,0.0,0.2,0.2,0.4,17,0,1,1,0.8513,1.0,1.0,1.0,0.973,58.36,0.2611,0.4
A,2,2,0.0,0.2,0.2,0.4,18,0,1,1,0.8524,1.0,1.0,1.0,0.9725,58.48,0.2851,0.4
A,2,2,0.0,0.2,0.2,0.4,19,0,1,1,0.8511,1.0,1.0,1.0,0.973,58.33,0.2825,0.4
A,2,2,0.0,0.2,0.2,0.4,20,0,0,0,-0.2246,0.0,0.0,0.0,-0.2591,nan,0.9902,0.4
A,2,2,0.0,0.2,0.2,0.4,21,0,1,1,0.8496,1.0,1.0,1.0,0.9737,58.17,0.2845,0.4
A,2,2,0.0,0.2,0.2,0.4,22,0,0,0,0.2037,0.0,0.0,0.0,0.0951,nan,1.0078,0.4
A,2,2,0.0,0.2,0.2,0.4,23,0,1,1,0.8497,1.0,1.0,1.0,0.9737,58.18,0.2763,0.4
A,2,2,0.0,0.2,0.2,0.6,0,0,1,1,0.9226,1.0,1.0,1.0,0.9252,67.31,0.3221,0.4
A,2,2,0.0,0.2,0.2,0.6,1,0,0,0,1.0,1.0,1.0,1.0,0.7071,90.0,0.0,0.4
A,2,2,0.0,0.2,0.2,0.6,2,0,0,0,-0.1918,0.0,0.0,0.0,-0.4935,nan,1.1963,0.4
A,2,2,0.0,0.2,0.2,0.6,3,0,1,1,0.9252,1.0,1.0,1.0,0.9225,67.7,0.3205,0.4
A,2,2,0.0,0.2,0.2,0.6,4,0,0,0,0.0081,0.0,0.0,0.0,0.2976,nan,1.1909,0.4
A,2,2,0.0,0.2,0.2,0.6,5,0,0,0,-0.1116,0.0,0.0,0.0,0.049,nan,1.2021,0.4
A,2,2,0.0,0.2,0.2,0.6,6,0,1,1,0.9238,1.0,1.0,1.0,0.9239,67.49,0.3177,0.4
A,2,2,0.0,0.2,0.2,0.6,7,0,1,1,0.9234,1.0,1.0,1.0,0.9243,67.43,0.3095,0.4
A,2,2,0.0,0.2,0.2,0.6,8,0,1,1,0.925,1.0,1.0,1.0,0.9227,67.67,0.3178,0.4
A,2,2,0.0,0.2,0.2,0.6,9,0,1,1,0.9255,1.0,1.0,1.0,0.9222,67.75,0.3167,0.4
A,2,2,0.0,0.2,0.2,0.6,10,0,0,0,0.9102,0.0,0.0,0.0,0.5186,100.99,1.1978,0.4
A,2,2,0.0,0.2,0.2,0.6,11,0,1,1,0.9234,1.0,1.0,1.0,0.9244,67.42,0.3147,0.4
A,2,2,0.0,0.2,0.2,0.6,12,0,1,1,0.9237,1.0,1.0,1.0,0.924,67.48,0.319,0.4
A,2,2,0.0,0.2,0.2,0.6,13,0,0,0,0.1738,0.0,0.0,0.0,-0.0757,nan,1.2017,0.4
A,2,2,0.0,0.2,0.2,0.6,14,0,1,1,0.9246,1.0,1.0,1.0,0.9232,67.6,0.323,0.4
A,2,2,0.0,0.2,0.2,0.6,15,0,1,1,0.9226,1.0,1.0,1.0,0.9252,67.31,0.3155,0.4
A,2,2,0.0,0.2,0.2,0.6,16,1,0,0,0.8525,1.0,0.0,1.0,0.7071,nan,0.0,0.4
A,2,2,0.0,0.2,0.2,0.6,17,0,1,1,0.9235,1.0,1.0,1.0,0.9242,67.96,0.3119,0.4
A,2,2,0.0,0.2,0.2,0.6,18,0,0,0,1.0,1.0,1.0,1.0,0.7071,90.0,0.0,0.4
A,2,2,0.0,0.2,0.2,0.6,19,1,0,0,0.7814,1.0,0.0,1.0,0.7071,nan,0.0,0.4
A,2,2,0.0,0.2,0.2,0.6,20,0,1,1,0.9229,1.0,1.0,1.0,0.9248,67.36,0.3222,0.4
A,2,2,0.0,0.2,0.2,0.6,21,0,0,0,0.5201,0.0,0.0,0.0,0.5584,62.6,1.2065,0.4
A,2,2,0.0,0.2,0.2,0.6,22,1,0,0,0.9725,1.0,0.0,1.0,0.7071,103.47,0.0,0.4
A,2,2,0.0,0.2,0.2,0.6,23,0,1,1,0.925,1.0,1.0,1.0,0.9227,67.68,0.3116,0.4
B,16,1,0.0,0.2,0.2,0.05,0,1,0,1,0.7499,1.0,0.0,1.0,0.998,48.59,0.0276,0.4
B,16,1,0.0,0.2,0.2,0.05,1,1,0,1,0.7507,1.0,0.0,1.0,0.998,118.39,0.0229,0.4
B,16,1,0.0,0.2,0.2,0.05,2,1,0,1,0.7503,1.0,0.0,1.0,0.998,53.19,0.0245,0.4
B,16,1,0.0,0.2,0.2,0.05,3,1,0,1,0.7479,1.0,0.0,1.0,0.9982,48.4,0.0244,0.4
B,16,1,0.0,0.2,0.2,0.05,4,1,0,1,0.7509,1.0,0.0,1.0,0.998,48.67,0.0229,0.4
B,16,1,0.0,0.2,0.2,0.05,5,1,0,1,0.749,1.0,0.0,1.0,0.9981,48.5,0.023,0.4
B,16,1,0.0,0.2,0.2,0.05,6,1,0,1,0.7515,1.0,0.0,1.0,0.9979,48.72,0.0245,0.4
B,16,1,0.0,0.2,0.2,0.05,7,1,0,1,1.0,1.0,0.0,1.0,1.0,90.0,0.0,0.4
B,16,1,0.0,0.2,0.2,0.05,8,0,1,1,0.5691,1.0,1.0,1.0,0.9838,34.69,0.104,0.4
B,16,1,0.0,0.2,0.2,0.05,9,1,0,1,0.748,1.0,0.0,1.0,0.9982,48.42,0.0248,0.4
B,16,1,0.0,0.2,0.2,0.05,10,1,0,1,0.7493,1.0,0.0,1.0,0.9981,48.53,0.0234,0.4
B,16,1,0.0,0.2,0.2,0.05,11,1,0,1,0.7506,1.0,0.0,1.0,0.998,109.5,0.0245,0.4
B,16,1,0.0,0.2,0.2,0.05,12,1,0,1,0.7488,1.0,0.0,1.0,0.9982,48.48,0.0202,0.4
B,16,1,0.0,0.2,0.2,0.05,13,0,1,1,0.5669,1.0,1.0,1.0,0.9834,34.53,0.1106,0.4
B,16,1,0.0,0.2,0.2,0.05,14,1,0,1,0.7478,1.0,0.0,1.0,0.9982,48.4,0.0208,0.4
B,16,1,0.0,0.2,0.2,0.05,15,1,0,1,1.0,1.0,0.0,1.0,0.9728,90.0,0.0762,0.4
B,16,1,0.0,0.2,0.2,0.05,16,0,1,1,0.5849,0.0,0.0,1.0,0.9836,90.99,0.1051,0.4
B,16,1,0.0,0.2,0.2,0.05,17,1,0,1,0.7504,1.0,0.0,1.0,0.998,111.77,0.0232,0.4
B,16,1,0.0,0.2,0.2,0.05,18,1,0,1,0.7519,1.0,0.0,1.0,0.9979,48.76,0.023,0.4
B,16,1,0.0,0.2,0.2,0.05,19,0,1,1,0.5673,1.0,1.0,1.0,0.9835,34.57,0.1164,0.4
B,16,1,0.0,0.2,0.2,0.05,20,1,0,1,1.0,1.0,0.0,1.0,1.0,90.0,0.0,0.4
B,16,1,0.0,0.2,0.2,0.05,21,1,0,1,0.7492,1.0,0.0,1.0,0.9981,48.52,0.0258,0.4
B,16,1,0.0,0.2,0.2,0.05,22,1,0,1,1.0,1.0,0.0,1.0,0.974,90.0,0.0758,0.4
B,16,1,0.0,0.2,0.2,0.05,23,1,0,1,1.0,1.0,0.0,1.0,0.9725,90.0,0.0775,0.4
B,16,1,0.0,0.2,0.2,0.1,0,1,0,1,1.0,1.0,0.0,1.0,0.9738,90.0,0.0773,0.4
B,16,1,0.0,0.2,0.2,0.1,1,0,1,1,0.6167,1.0,1.0,1.0,0.9927,59.98,0.1446,0.4
B,16,1,0.0,0.2,0.2,0.1,2,0,1,1,0.6171,1.0,1.0,1.0,0.9928,38.11,0.1454,0.4
B,16,1,0.0,0.2,0.2,0.1,3,0,1,1,0.6178,1.0,1.0,1.0,0.9929,38.15,0.1485,0.4
B,16,1,0.0,0.2,0.2,0.1,4,0,1,1,0.6172,1.0,1.0,1.0,0.9928,65.95,0.1521,0.4
B,16,1,0.0,0.2,0.2,0.1,5,1,0,1,1.0,1.0,0.0,1.0,0.9736,90.0,0.0792,0.4
B,16,1,0.0,0.2,0.2,0.1,6,1,0,1,0.7907,1.0,0.0,1.0,0.992,82.2,0.0398,0.4
B,16,1,0.0,0.2,0.2,0.1,7,1,0,1,1.0,1.0,0.0,1.0,0.9726,90.0,0.0771,0.4
B,16,1,0.0,0.2,0.2,0.1,8,1,0,1,0.7865,1.0,0.0,1.0,0.9928,51.86,0.0428,0.4
B,16,1,0.0,0.2,0.2,0.1,9,0,1,1,0.6173,1.0,1.0,1.0,0.9928,38.12,0.1489,0.4
B,16,1,0.0,0.2,0.2,0.1,10,1,0,1,0.7904,1.0,0.0,1.0,0.9921,52.22,0.0423,0.4
B,16,1,0.0,0.2,0.2,0.1,11,1,0,1,1.0,1.0,0.0,1.0,0.9726,90.0,0.0777,0.4
B,16,1,0.0,0.2,0.2,0.1,12,1,0,1,1.0,1.0,0.0,1.0,0.9729,90.0,0.0748,0.4
B,16,1,0.0,0.2,0.2,0.1,13,0,1,1,0.617,1.0,1.0,1.0,0.9927,38.09,0.1393,0.4
B,16,1,0.0,0.2,0.2,0.1,14,1,0,1,1.0,1.0,0.0,1.0,1.0,90.0,0.0,0.4
B,16,1,0.0,0.2,0.2,0.1,15,1,0,1,1.0,1.0,0.0,1.0,0.9727,90.0,0.0764,0.4
B,16,1,0.0,0.2,0.2,0.1,16,0,1,1,0.6165,1.0,1.0,1.0,0.9927,38.06,0.1476,0.4
B,16,1,0.0,0.2,0.2,0.1,17,1,0,1,0.7889,1.0,0.0,1.0,0.9924,71.01,0.0443,0.4
B,16,1,0.0,0.2,0.2,0.1,18,0,1,1,0.6138,1.0,1.0,1.0,0.9923,37.87,0.1333,0.4
B,16,1,0.0,0.2,0.2,0.1,19,0,1,1,0.6146,1.0,1.0,1.0,0.9924,37.93,0.1419,0.4
B,16,1,0.0,0.2,0.2,0.1,20,1,0,1,0.7886,1.0,0.0,1.0,0.9924,73.46,0.0391,0.4
B,16,1,0.0,0.2,0.2,0.1,21,1,0,1,1.0,1.0,0.0,1.0,1.0,90.0,0.0,0.4
B,16,1,0.0,0.2,0.2,0.1,22,1,0,1,1.0,1.0,0.0,1.0,0.9735,90.0,0.0769,0.4
B,16,1,0.0,0.2,0.2,0.1,23,1,0,1,0.7897,1.0,0.0,1.0,0.9922,52.16,0.0439,0.4
B,16,1,0.0,0.2,0.2,0.2,0,1,0,1,1.0,1.0,0.0,1.0,0.9738,100.25,0.0783,0.4
B,16,1,0.0,0.2,0.2,0.2,1,1,0,1,1.0,1.0,0.0,1.0,0.9736,90.0,0.0751,0.4
B,16,1,0.0,0.2,0.2,0.2,2,1,0,1,1.0,1.0,0.0,1.0,1.0,90.0,0.0,0.4
B,16,1,0.0,0.2,0.2,0.2,3,1,0,1,0.8502,1.0,0.0,1.0,0.9734,58.24,0.0745,0.4
B,16,1,0.0,0.2,0.2,0.2,4,0,1,1,0.7058,1.0,1.0,1.0,1.0,44.89,0.1965,0.4
B,16,1,0.0,0.2,0.2,0.2,5,1,0,1,1.0,1.0,0.0,1.0,0.9721,90.0,0.0746,0.4
B,16,1,0.0,0.2,0.2,0.2,6,1,0,1,1.0,1.0,0.0,1.0,0.9732,103.83,0.0801,0.4
B,16,1,0.0,0.2,0.2,0.2,7,0,1,1,0.7053,1.0,1.0,1.0,1.0,44.85,0.2002,0.4
B,16,1,0.0,0.2,0.2,0.2,8,0,1,1,0.705,1.0,1.0,1.0,1.0,108.29,0.2022,0.4
B,16,1,0.0,0.2,0.2,0.2,9,1,0,1,0.8515,1.0,0.0,1.0,0.9729,58.38,0.0757,0.4
B,16,1,0.0,0.2,0.2,0.2,10,1,0,1,1.0,1.0,0.0,1.0,0.9735,90.0,0.0744,0.4
B,16,1,0.0,0.2,0.2,0.2,11,1,0,1,0.8495,1.0,0.0,1.0,0.9737,58.16,0.0715,0.4
B,16,1,0.0,0.2,0.2,0.2,12,1,0,1,0.851,1.0,0.0,1.0,0.9731,58.32,0.0751,0.4
B,16,1,0.0,0.2,0.2,0.2,13,1,0,1,1.0,1.0,0.0,1.0,0.9731,90.0,0.0776,0.4
B,16,1,0.0,0.2,0.2,0.2,14,1,0,1,1.0,1.0,0.0,1.0,1.0,90.0,0.0,0.4
B,16,1,0.0,0.2,0.2,0.2,15,0,1,1,0.7058,1.0,1.0,1.0,1.0,44.9,0.1943,0.4
B,16,1,0.0,0.2,0.2,0.2,16,0,1,1,0.7055,1.0,1.0,1.0,1.0,44.87,0.1965,0.4
B,16,1,0.0,0.2,0.2,0.2,17,1,0,1,0.8507,1.0,0.0,1.0,0.9732,58.28,0.0768,0.4
B,16,1,0.0,0.2,0.2,0.2,18,0,1,1,0.705,1.0,1.0,1.0,1.0,44.83,0.2019,0.4
B,16,1,0.0,0.2,0.2,0.2,19,1,0,1,1.0,1.0,0.0,1.0,0.9727,90.0,0.0798,0.4
B,16,1,0.0,0.2,0.2,0.2,20,1,0,1,0.8503,1.0,0.0,1.0,0.9734,58.24,0.0785,0.4
B,16,1,0.0,0.2,0.2,0.2,21,1,0,1,1.0,1.0,0.0,1.0,0.9735,90.0,0.0784,0.4
B,16,1,0.0,0.2,0.2,0.2,22,0,1,1,0.7084,1.0,1.0,1.0,1.0,45.11,0.2031,0.4
B,16,1,0.0,0.2,0.2,0.2,23,1,0,1,0.8505,1.0,0.0,1.0,0.9733,58.27,0.0741,0.4
B,16,1,0.0,0.2,0.2,0.4,0,1,0,1,1.0,1.0,0.0,1.0,1.0,90.0,0.0,0.4
B,16,1,0.0,0.2,0.2,0.4,1,0,1,1,0.849,1.0,1.0,1.0,0.974,58.11,0.2739,0.4
B,16,1,0.0,0.2,0.2,0.4,2,1,0,1,1.0,1.0,0.0,1.0,1.0,90.0,0.0,0.4
B,16,1,0.0,0.2,0.2,0.4,3,1,0,1,1.0,1.0,0.0,1.0,1.0,90.0,0.0,0.4
B,16,1,0.0,0.2,0.2,0.4,4,1,0,1,1.0,1.0,0.0,1.0,0.9738,90.0,0.0792,0.4
B,16,1,0.0,0.2,0.2,0.4,5,1,0,1,1.0,1.0,0.0,1.0,0.9724,90.0,0.0786,0.4
B,16,1,0.0,0.2,0.2,0.4,6,0,1,1,0.8499,1.0,1.0,1.0,0.9736,58.2,0.2749,0.4
B,16,1,0.0,0.2,0.2,0.4,7,0,1,1,0.8543,1.0,1.0,1.0,0.9716,58.69,0.2746,0.4
B,16,1,0.0,0.2,0.2,0.4,8,1,0,1,1.0,1.0,0.0,1.0,0.9734,90.0,0.0744,0.4
B,16,1,0.0,0.2,0.2,0.4,9,1,0,1,0.9222,1.0,0.0,1.0,0.9255,67.26,0.1231,0.4
B,16,1,0.0,0.2,0.2,0.4,10,1,0,1,0.9243,1.0,0.0,1.0,0.9235,67.56,0.1161,0.4
B,16,1,0.0,0.2,0.2,0.4,11,1,0,1,1.0,1.0,0.0,1.0,0.9737,90.0,0.0809,0.4
B,16,1,0.0,0.2,0.2,0.4,12,1,0,1,0.9243,1.0,0.0,1.0,0.9234,67.56,0.1199,0.4
B,16,1,0.0,0.2,0.2,0.4,13,1,0,1,0.9242,1.0,0.0,1.0,0.9235,67.55,0.1219,0.4
B,16,1,0.0,0.2,0.2,0.4,14,0,1,1,0.8511,1.0,1.0,1.0,0.9731,58.33,0.2783,0.4
B,16,1,0.0,0.2,0.2,0.4,15,1,0,1,0.9237,1.0,0.0,1.0,0.924,67.47,0.1183,0.4
B,16,1,0.0,0.2,0.2,0.4,16,1,0,1,1.0,1.0,0.0,1.0,0.9737,90.0,0.0746,0.4
B,16,1,0.0,0.2,0.2,0.4,17,1,0,1,1.0,1.0,0.0,1.0,0.9731,90.0,0.0761,0.4
B,16,1,0.0,0.2,0.2,0.4,18,1,0,1,1.0,1.0,0.0,1.0,0.973,90.0,0.0777,0.4
B,16,1,0.0,0.2,0.2,0.4,19,0,1,1,0.8465,1.0,1.0,1.0,0.975,57.84,0.2858,0.4
B,16,1,0.0,0.2,0.2,0.4,20,0,1,1,0.851,1.0,1.0,1.0,0.9731,111.64,0.2882,0.4
B,16,1,0.0,0.2,0.2,0.4,21,0,1,1,0.8485,1.0,1.0,1.0,0.9742,84.16,0.2719,0.4
B,16,1,0.0,0.2,0.2,0.4,22,1,0,1,0.924,1.0,0.0,1.0,0.9238,67.52,0.1191,0.4
B,16,1,0.0,0.2,0.2,0.4,23,1,0,1,0.9238,1.0,0.0,1.0,0.924,105.49,0.1162,0.4
C,16,0,0.2,0.2,0.2,0.05,0,1,0,0,0.9289,1.0,0.0,1.0,0.8459,73.94,0.0336,0.4
C,16,0,0.2,0.2,0.2,0.05,1,1,0,0,0.9676,1.0,0.0,1.0,0.8371,118.39,0.016,0.4
C,16,0,0.2,0.2,0.2,0.05,2,1,0,1,0.9868,1.0,0.0,1.0,0.9952,90.75,0.0119,0.4
C,16,0,0.2,0.2,0.2,0.05,3,1,0,1,0.985,1.0,0.0,1.0,0.996,97.2,0.0097,0.4
C,16,0,0.2,0.2,0.2,0.05,4,1,0,1,0.9927,1.0,0.0,1.0,0.9972,91.89,0.0094,0.4
C,16,0,0.2,0.2,0.2,0.05,5,1,0,1,0.9927,1.0,0.0,1.0,0.9974,91.13,0.011,0.4
C,16,0,0.2,0.2,0.2,0.05,6,1,0,1,0.9971,1.0,0.0,1.0,0.9965,91.3,0.0129,0.4
C,16,0,0.2,0.2,0.2,0.05,7,1,0,1,0.9935,1.0,0.0,1.0,0.9929,88.08,0.0157,0.4
C,16,0,0.2,0.2,0.2,0.05,8,1,0,1,0.9893,1.0,0.0,1.0,0.9946,118.99,0.0131,0.4
C,16,0,0.2,0.2,0.2,0.05,9,1,0,1,0.9887,1.0,0.0,1.0,0.9961,93.64,0.011,0.4
C,16,0,0.2,0.2,0.2,0.05,10,1,0,0,0.9772,1.0,0.0,1.0,0.8011,80.95,0.0186,0.4
C,16,0,0.2,0.2,0.2,0.05,11,1,0,1,0.9928,1.0,0.0,1.0,0.9976,107.31,0.0096,0.4
C,16,0,0.2,0.2,0.2,0.05,12,1,0,1,0.8035,1.0,0.0,1.0,0.996,43.31,0.0113,0.4
C,16,0,0.2,0.2,0.2,0.05,13,1,0,1,0.9876,1.0,0.0,1.0,0.9931,104.78,0.0175,0.4
C,16,0,0.2,0.2,0.2,0.05,14,1,0,1,0.9959,1.0,0.0,1.0,0.9977,90.27,0.0095,0.4
C,16,0,0.2,0.2,0.2,0.05,15,1,0,1,0.9963,1.0,0.0,1.0,0.9919,98.14,0.0124,0.4
C,16,0,0.2,0.2,0.2,0.05,16,1,0,1,0.9937,1.0,0.0,1.0,0.9976,90.99,0.0116,0.4
C,16,0,0.2,0.2,0.2,0.05,17,1,0,1,0.9964,1.0,0.0,1.0,0.9979,106.82,0.0089,0.4
C,16,0,0.2,0.2,0.2,0.05,18,1,0,1,0.9845,1.0,0.0,1.0,0.9912,101.5,0.0155,0.4
C,16,0,0.2,0.2,0.2,0.05,19,1,0,1,0.9975,1.0,0.0,1.0,0.9977,88.14,0.0093,0.4
C,16,0,0.2,0.2,0.2,0.05,20,1,0,1,0.9908,1.0,0.0,1.0,0.993,102.05,0.0146,0.4
C,16,0,0.2,0.2,0.2,0.05,21,1,0,1,0.9891,1.0,0.0,1.0,0.9967,92.19,0.0123,0.4
C,16,0,0.2,0.2,0.2,0.05,22,1,0,1,0.9916,1.0,0.0,1.0,0.9964,93.43,0.0099,0.4
C,16,0,0.2,0.2,0.2,0.05,23,1,0,1,0.9926,1.0,0.0,1.0,0.9979,87.81,0.014,0.4
C,16,0,0.2,0.2,0.2,0.1,0,1,0,1,0.9861,1.0,0.0,1.0,0.9946,91.15,0.0158,0.4
C,16,0,0.2,0.2,0.2,0.1,1,1,0,1,0.9972,1.0,0.0,1.0,0.9971,88.55,0.0115,0.4
C,16,0,0.2,0.2,0.2,0.1,2,1,0,1,0.9862,1.0,0.0,1.0,0.9959,90.95,0.0135,0.4
C,16,0,0.2,0.2,0.2,0.1,3,1,0,0,0.9844,1.0,0.0,1.0,0.7477,91.31,0.0153,0.4
C,16,0,0.2,0.2,0.2,0.1,4,1,0,1,0.993,1.0,0.0,1.0,0.9973,91.83,0.0113,0.4
C,16,0,0.2,0.2,0.2,0.1,5,1,0,1,0.9924,1.0,0.0,1.0,0.9978,91.0,0.0119,0.4
C,16,0,0.2,0.2,0.2,0.1,6,1,0,1,0.9971,1.0,0.0,1.0,0.9969,91.19,0.0137,0.4
C,16,0,0.2,0.2,0.2,0.1,7,1,0,1,0.9922,1.0,0.0,1.0,0.9931,88.12,0.0178,0.4
C,16,0,0.2,0.2,0.2,0.1,8,1,0,1,0.9884,1.0,0.0,1.0,0.9945,91.98,0.0143,0.4
C,16,0,0.2,0.2,0.2,0.1,9,1,0,0,0.9731,1.0,0.0,1.0,0.7111,90.48,0.0196,0.4
C,16,0,0.2,0.2,0.2,0.1,10,1,0,1,0.9951,1.0,0.0,1.0,0.9936,88.95,0.0147,0.4
C,16,0,0.2,0.2,0.2,0.1,11,1,0,1,0.9945,1.0,0.0,1.0,0.9966,86.97,0.0104,0.4
C,16,0,0.2,0.2,0.2,0.1,12,1,0,0,0.9572,1.0,0.0,1.0,0.7247,89.43,0.0285,0.4
C,16,0,0.2,0.2,0.2,0.1,13,1,0,1,0.9865,1.0,0.0,1.0,0.9934,88.76,0.0185,0.4
C,16,0,0.2,0.2,0.2,0.1,14,1,0,1,0.9964,1.0,0.0,1.0,0.9975,90.26,0.0109,0.4
C,16,0,0.2,0.2,0.2,0.1,15,1,0,1,0.9962,1.0,0.0,1.0,0.9918,98.4,0.0135,0.4
C,16,0,0.2,0.2,0.2,0.1,16,1,0,0,0.9766,1.0,0.0,1.0,0.8257,80.82,0.0254,0.4
C,16,0,0.2,0.2,0.2,0.1,17,1,0,1,0.9956,1.0,0.0,1.0,0.9979,89.44,0.0098,0.4
C,16,0,0.2,0.2,0.2,0.1,18,1,0,1,0.9848,1.0,0.0,1.0,0.9916,118.89,0.017,0.4
C,16,0,0.2,0.2,0.2,0.1,19,1,0,1,0.9973,1.0,0.0,1.0,0.9978,88.12,0.0096,0.4
C,16,0,0.2,0.2,0.2,0.1,20,1,0,1,0.9913,1.0,0.0,1.0,0.9931,92.75,0.0148,0.4
C,16,0,0.2,0.2,0.2,0.1,21,1,0,1,0.9904,1.0,0.0,1.0,0.996,88.52,0.0136,0.4
C,16,0,0.2,0.2,0.2,0.1,22,1,0,0,0.9907,1.0,0.0,1.0,0.7034,89.77,0.016,0.4
C,16,0,0.2,0.2,0.2,0.1,23,1,0,1,0.9924,1.0,0.0,1.0,0.9983,87.76,0.0163,0.4
C,16,0,0.2,0.2,0.2,0.2,0,1,0,1,0.9863,1.0,0.0,1.0,0.9947,91.43,0.0186,0.4
C,16,0,0.2,0.2,0.2,0.2,1,1,0,1,0.9977,1.0,0.0,1.0,0.9968,88.97,0.0128,0.4
C,16,0,0.2,0.2,0.2,0.2,2,1,0,1,0.9869,1.0,0.0,1.0,0.9957,90.86,0.0158,0.4
C,16,0,0.2,0.2,0.2,0.2,3,1,0,1,0.9893,1.0,0.0,1.0,0.996,93.58,0.0148,0.4
C,16,0,0.2,0.2,0.2,0.2,4,1,0,0,0.9749,1.0,0.0,0.0,0.8049,101.81,0.0275,0.4
C,16,0,0.2,0.2,0.2,0.2,5,1,0,1,0.9926,1.0,0.0,1.0,0.9978,110.32,0.0146,0.4
C,16,0,0.2,0.2,0.2,0.2,6,1,0,0,0.9866,1.0,0.0,1.0,0.7438,103.83,0.0255,0.4
C,16,0,0.2,0.2,0.2,0.2,7,1,0,0,0.9709,1.0,0.0,1.0,0.812,79.65,0.0305,0.4
C,16,0,0.2,0.2,0.2,0.2,8,1,0,1,0.988,1.0,0.0,1.0,0.9952,98.19,0.0174,0.4
C,16,0,0.2,0.2,0.2,0.2,9,1,0,0,0.98,1.0,0.0,0.0,0.7737,91.86,0.0213,0.4
C,16,0,0.2,0.2,0.2,0.2,10,1,0,0,0.9902,1.0,0.0,0.0,0.778,85.6,0.0195,0.4
C,16,0,0.2,0.2,0.2,0.2,11,1,0,1,0.9939,1.0,0.0,1.0,0.9965,86.66,0.0124,0.4
C,16,0,0.2,0.2,0.2,0.2,12,1,0,0,0.97,1.0,0.0,1.0,0.7291,92.16,0.03,0.4
C,16,0,0.2,0.2,0.2,0.2,13,1,0,1,0.9883,1.0,0.0,1.0,0.9939,89.29,0.0217,0.4
C,16,0,0.2,0.2,0.2,0.2,14,1,0,1,0.9955,1.0,0.0,1.0,0.9973,113.13,0.0136,0.4
C,16,0,0.2,0.2,0.2,0.2,15,1,0,1,0.9959,1.0,0.0,1.0,0.9922,92.42,0.0154,0.4
C,16,0,0.2,0.2,0.2,0.2,16,1,0,1,0.9916,1.0,0.0,1.0,0.9977,90.1,0.0152,0.4
C,16,0,0.2,0.2,0.2,0.2,17,1,0,1,0.9951,1.0,0.0,1.0,0.9989,86.64,0.0118,0.4
C,16,0,0.2,0.2,0.2,0.2,18,1,0,1,0.9844,1.0,0.0,1.0,0.9908,93.73,0.0212,0.4
C,16,0,0.2,0.2,0.2,0.2,19,1,0,1,0.9975,1.0,0.0,1.0,0.9975,88.02,0.0118,0.4
C,16,0,0.2,0.2,0.2,0.2,20,1,0,0,0.9801,1.0,0.0,1.0,0.8012,90.35,0.0288,0.4
C,16,0,0.2,0.2,0.2,0.2,21,1,0,1,0.9905,1.0,0.0,1.0,0.9962,88.49,0.0165,0.4
C,16,0,0.2,0.2,0.2,0.2,22,1,0,0,0.991,1.0,0.0,1.0,0.6786,99.83,0.018,0.4
C,16,0,0.2,0.2,0.2,0.2,23,1,0,1,0.9929,1.0,0.0,1.0,0.9985,101.86,0.0179,0.4
C,16,0,0.2,0.2,0.2,0.4,0,1,0,1,0.987,1.0,0.0,1.0,0.9925,116.43,0.0284,0.4
C,16,0,0.2,0.2,0.2,0.4,1,1,0,1,0.9974,1.0,0.0,1.0,0.9969,88.74,0.016,0.4
C,16,0,0.2,0.2,0.2,0.4,2,1,0,1,0.986,1.0,0.0,1.0,0.995,109.26,0.0252,0.4
C,16,0,0.2,0.2,0.2,0.4,3,1,0,1,0.9895,1.0,0.0,1.0,0.996,115.02,0.0208,0.4
C,16,0,0.2,0.2,0.2,0.4,4,1,0,0,0.9826,1.0,0.0,0.0,0.734,89.87,0.0334,0.4
C,16,0,0.2,0.2,0.2,0.4,5,1,0,1,0.992,1.0,0.0,1.0,0.9976,90.94,0.0199,0.4
C,16,0,0.2,0.2,0.2,0.4,6,1,0,0,0.9922,1.0,0.0,1.0,0.7368,103.36,0.0281,0.4
C,16,0,0.2,0.2,0.2,0.4,7,1,0,1,0.9927,1.0,0.0,1.0,0.9931,88.17,0.0245,0.4
C,16,0,0.2,0.2,0.2,0.4,8,1,0,1,0.9881,1.0,0.0,1.0,0.9954,92.01,0.0236,0.4
C,16,0,0.2,0.2,0.2,0.4,9,1,0,0,0.9814,1.0,0.0,1.0,0.7163,92.93,0.0302,0.4
C,16,0,0.2,0.2,0.2,0.4,10,1,0,1,0.9949,1.0,0.0,1.0,0.9948,89.03,0.0199,0.4
C,16,0,0.2,0.2,0.2,0.4,11,1,0,1,0.9935,1.0,0.0,1.0,0.9968,86.55,0.0172,0.4
C,16,0,0.2,0.2,0.2,0.4,12,1,0,0,0.9781,1.0,0.0,1.0,0.738,91.43,0.0379,0.4
C,16,0,0.2,0.2,0.2,0.4,13,1,0,1,0.9875,1.0,0.0,1.0,0.9934,101.21,0.0303,0.4
C,16,0,0.2,0.2,0.2,0.4,14,1,0,1,0.9958,1.0,0.0,1.0,0.9978,90.18,0.0167,0.4
C,16,0,0.2,0.2,0.2,0.4,15,1,0,0,0.9953,1.0,0.0,1.0,0.785,99.08,0.019,0.4
C,16,0,0.2,0.2,0.2,0.4,16,1,0,1,0.9921,1.0,0.0,1.0,0.9978,114.47,0.0203,0.4
C,16,0,0.2,0.2,0.2,0.4,17,1,0,1,0.9952,1.0,0.0,1.0,0.9977,86.64,0.0159,0.4
C,16,0,0.2,0.2,0.2,0.4,18,1,0,0,0.9834,1.0,0.0,1.0,0.8089,116.33,0.033,0.4
C,16,0,0.2,0.2,0.2,0.4,19,1,0,1,0.9972,1.0,0.0,1.0,0.9974,87.94,0.0142,0.4
C,16,0,0.2,0.2,0.2,0.4,20,1,0,0,0.9848,1.0,0.0,1.0,0.7969,95.84,0.0331,0.4
C,16,0,0.2,0.2,0.2,0.4,21,1,0,1,0.9901,1.0,0.0,1.0,0.9963,88.44,0.0217,0.4
C,16,0,0.2,0.2,0.2,0.4,22,1,0,0,0.9911,1.0,0.0,1.0,0.6728,109.38,0.0238,0.4
C,16,0,0.2,0.2,0.2,0.4,23,1,0,0,0.9837,1.0,0.0,1.0,0.7796,102.42,0.0367,0.4
