block,m_children,rho1,rho2,rho3,sigma,m_lat,seed,absorbed,cos_comp,cos_parent,cos_child,comp_idx,parent_idx,rec,comp_fire_rate,rho_hat_gmm,gmm_mu_lo,gmm_mu_hi,gmm_w_hi,n_fire,rho_hat_bin,fire|host_only,fire|joint,act|host_only,act|joint,tv_full,tv_null,tv_inplane,tv_inplane_null,tv_cond,h4_mus,h4_ws
R,1,0.02,0,0,0.0,32,0,0,0.7032,0.9746,0.051,5,5,0.1004,0.24988,0.44607,0.8431,0.8718,0.44607,49977,1.0,1.0,1.0,0.8556,0.8707,0.26141,0.26148,0.00051,0.00091,0.37891,,
R,1,0.02,0,0,0.0,32,1,0,0.7284,0.9753,0.1034,12,12,0.1561,0.26034,0.96008,0.0149,0.8611,0.96008,52069,1.0,1.0,1.0,0.8599,0.9166,0.24149,0.2397,0.00149,0.00098,0.34732,,
R,1,0.02,0,0,0.0,32,2,1,0.995,0.9856,0.7228,13,3,0.0878,0.00489,0.37986,1.2785,1.3012,0.37986,978,0.01959,0.0,1.0,nan,1.2871,0.28586,0.263,0.04499,0.00247,1.0,,
R,1,0.02,0,0,0.0,32,3,0,0.7116,0.9832,0.1596,6,6,0.172,0.25417,0.98844,0.0135,0.8604,0.98844,50835,1.0,1.0,1.0,0.86,0.8805,0.23769,0.24137,0.00062,0.00069,0.35266,,
R,1,0.02,0,0,0.0,32,4,1,0.9867,0.9837,0.7008,15,19,0.0857,0.03376,0.15758,0.0133,1.2774,0.15758,6752,0.0218,0.1164,1.0,0.0133,1.2774,0.28526,0.26268,0.04482,5e-05,1.0,,
R,1,0.02,0,0,0.0,32,5,0,0.7324,0.9822,0.0703,23,23,0.0919,0.25039,0.26567,0.8579,0.8733,0.26567,50077,1.0,1.0,1.0,0.8609,0.914,0.26156,0.26241,0.00108,0.00117,0.37378,,
R,1,0.02,0,0,0.0,32,6,0,0.7126,0.9727,0.0566,26,26,0.091,0.25157,0.99872,0.5719,0.8539,0.99872,50314,1.0,1.0,1.0,0.8531,0.8903,0.26168,0.26115,0.00039,0.00036,0.367,,
R,1,0.02,0,0,0.0,32,7,0,0.6983,0.9867,0.0405,18,18,0.0986,0.25123,0.43956,0.8512,0.8821,0.43956,50247,1.0,1.0,1.0,0.8648,0.8671,0.26302,0.2632,0.00203,0.00293,0.37387,,
R,1,0.02,0,0,0.0,32,8,0,0.7065,0.9805,0.3357,9,9,0.0923,0.25012,0.61673,0.8151,0.8677,0.61673,50024,1.0,1.0,1.0,0.8469,0.8771,0.26533,0.26198,0.00685,0.00135,0.437,,
R,1,0.02,0,0,0.0,32,9,0,0.6947,0.9924,0.4571,27,27,0.0926,0.25044,0.99294,0.7336,0.8659,0.99294,50088,1.0,1.0,1.0,0.8654,0.8602,0.26125,0.26107,0.00089,0.00179,0.37147,,
R,1,0.02,0,0,0.0,32,10,0,0.6935,0.9828,0.0827,21,21,0.0927,0.24971,0.91782,0.6533,0.8626,0.91782,49942,1.0,1.0,1.0,0.8453,0.8493,0.26369,0.26254,0.00231,0.00238,0.37334,,
R,1,0.02,0,0,0.0,32,11,1,0.9964,0.9831,0.7197,14,31,0.0826,0.00515,0.10993,1.2953,1.3124,0.10993,1031,0.02051,0.0,1.0,nan,1.2972,0.28377,0.26253,0.04485,0.00037,1.0,,
R,1,0.02,0,0,0.0,32,12,0,0.7135,0.9884,0.2895,17,17,0.0938,0.2491,0.57106,0.8227,0.8749,0.57106,49820,1.0,1.0,1.0,0.8518,0.8894,0.26502,0.26293,0.00751,0.00065,0.44263,,
R,1,0.02,0,0,0.0,32,13,0,0.7037,0.9834,0.0267,18,18,0.0904,0.24947,0.56664,0.8372,0.8766,0.56664,49894,1.0,1.0,1.0,0.8593,0.8708,0.25909,0.26055,0.00149,0.00285,0.38288,,
R,1,0.02,0,0,0.0,32,14,1,0.9978,0.9886,0.7028,25,7,0.0838,0.00505,0.99703,0.0037,1.299,0.99703,1009,0.02004,0.0001,1.0,0.0037,1.299,0.28545,0.2657,0.04619,0.00181,1.0,,
R,1,0.02,0,0,0.0,32,15,0,0.7221,0.9855,0.3849,19,19,0.0947,0.25688,0.97686,0.0159,0.8548,0.97686,51375,1.0,1.0,1.0,0.8533,0.9254,0.2633,0.26326,0.00507,0.0018,0.41231,,
R,1,0.05,0,0,0.0,32,0,0,0.7239,0.9738,0.0508,27,27,0.1064,0.24991,0.3395,0.8507,0.87,0.3395,49982,1.0,1.0,1.0,0.8549,0.9028,0.26141,0.26149,0.00061,0.00118,0.3788,,
R,1,0.05,0,0,0.0,32,1,1,0.9963,0.9768,0.7161,26,21,0.0883,0.01301,0.99166,0.2585,1.2966,0.99166,2602,0.05171,0.0004,1.0,0.0056,1.2963,0.28522,0.26327,0.04527,0.00109,1.0,,
R,1,0.05,0,0,0.0,32,2,1,0.994,0.9851,0.7233,4,3,0.0898,0.02576,0.49961,0.005,1.2863,0.49961,5152,0.05155,0.0544,1.0,0.005,1.2863,0.28586,0.26299,0.04499,0.00247,1.0,,
R,1,0.05,0,0,0.0,32,3,1,0.9961,0.9829,0.7022,30,10,0.0914,0.08282,0.15388,0.0142,1.2869,0.15388,16565,0.05523,0.2938,1.0,0.0142,1.2869,0.28293,0.26493,0.04533,0.00105,1.0,,
R,1,0.05,0,0,0.0,32,4,0,0.726,0.9833,0.0434,23,23,0.0919,0.24964,0.99924,0.561,0.8661,0.99924,49928,1.0,1.0,1.0,0.8637,0.9076,0.26151,0.26061,0.00036,1e-05,0.37731,,
R,1,0.05,0,0,0.0,32,5,1,0.9922,0.9825,0.708,28,19,0.09,0.01283,0.99532,0.0045,1.2892,0.99532,2566,0.051,0.0,1.0,0.0052,1.2892,0.28443,0.26428,0.04524,0.00117,1.0,,
R,1,0.05,0,0,0.0,32,6,0,0.7341,0.9721,0.186,28,28,0.0988,0.25149,0.13376,0.8528,0.8726,0.13376,50298,1.0,1.0,1.0,0.8522,0.9184,0.26168,0.26115,0.00039,0.00036,0.367,,
R,1,0.05,0,0,0.0,32,7,0,0.7203,0.9866,0.0417,30,30,0.104,0.25123,0.41691,0.8563,0.8828,0.41691,50247,1.0,1.0,1.0,0.8658,0.8966,0.26302,0.26319,0.00203,0.00293,0.37381,,
R,1,0.05,0,0,0.0,32,8,0,0.7219,0.9783,0.233,21,21,0.0961,0.25013,0.25182,0.8583,0.8751,0.25182,50027,1.0,1.0,1.0,0.8604,0.9029,0.2622,0.26131,0.00081,0.00038,0.3712,,
R,1,0.05,0,0,0.0,32,9,1,0.9898,0.9883,0.7152,22,17,0.0894,0.15905,0.08048,0.0298,1.2762,0.08048,31810,0.16405,0.6156,1.0,0.0298,1.2762,0.28745,0.26393,0.04697,0.0027,1.0,,
R,1,0.05,0,0,0.0,32,10,0,0.9764,0.9758,0.7904,5,24,0.0902,0.19849,0.06335,0.0407,1.1641,0.06335,39698,0.26871,0.784,1.0,0.0407,1.1641,0.28203,0.26399,0.03527,0.00244,0.87436,,
R,1,0.05,0,0,0.0,32,11,0,0.7427,0.9814,0.0689,21,21,0.0919,0.25132,0.08503,0.8648,0.8816,0.08503,50264,1.0,1.0,1.0,0.8627,0.9339,0.25967,0.26025,9e-05,0.00011,0.37217,,
R,1,0.05,0,0,0.0,32,12,1,0.9899,0.9827,0.7237,19,14,0.091,0.06621,0.1847,0.0135,1.2815,0.1847,13243,0.05112,0.2279,1.0,0.0135,1.2815,0.28525,0.26409,0.045,0.00057,1.0,,
R,1,0.05,0,0,0.0,32,13,1,0.9934,0.9835,0.7118,18,28,0.0881,0.0128,0.99414,0.0052,1.2846,0.99414,2559,0.05099,0.0003,1.0,0.0052,1.2846,0.28459,0.26268,0.04557,0.0028,1.0,,
R,1,0.05,0,0,0.0,32,14,0,0.7418,0.9874,0.1533,7,7,0.0883,0.25102,0.27351,0.8713,0.8791,0.27351,50204,1.0,1.0,1.0,0.8704,0.9322,0.26194,0.26341,0.00125,0.00181,0.37306,,
R,1,0.05,0,0,0.0,32,15,1,0.9972,0.9773,0.7245,29,26,0.0955,0.13758,0.09315,0.019,1.2857,0.09315,27516,0.08265,0.5241,1.0,0.019,1.2857,0.28668,0.26512,0.04692,0.00177,0.99941,,
R,1,0.1,0,0,0.0,32,0,1,0.9848,0.9754,0.7087,24,14,0.0966,0.04482,0.55984,0.011,1.2775,0.55984,8965,0.10091,0.0877,1.0,0.011,1.2775,0.28421,0.26385,0.04417,0.00091,1.0,,
R,1,0.1,0,0,0.0,32,1,1,0.9942,0.9768,0.7032,3,10,0.0854,0.02566,0.99703,0.4092,1.2934,0.99703,5132,0.10246,0.0002,1.0,0.0078,1.2933,0.28522,0.26327,0.04527,0.00109,1.0,,
R,1,0.1,0,0,0.0,32,2,0,0.7652,0.98,0.1022,22,22,0.11,0.24964,0.3552,0.8586,0.882,0.3552,49928,1.0,1.0,1.0,0.8565,0.9585,0.26204,0.26096,0.00081,0.00247,0.37158,,
R,1,0.1,0,0,0.0,32,3,1,0.9954,0.9837,0.7026,20,29,0.0906,0.04124,0.60992,0.0136,1.2865,0.60992,8247,0.10056,0.0711,1.0,0.0136,1.2865,0.2829,0.26482,0.04544,0.00096,1.0,,
R,1,0.1,0,0,0.0,32,4,1,0.9806,0.984,0.695,11,7,0.0868,0.03366,0.75327,0.0113,1.2716,0.75327,6732,0.10161,0.037,1.0,0.0113,1.2716,0.28525,0.26266,0.04485,3e-05,1.0,,
R,1,0.1,0,0,0.0,32,5,0,0.7846,0.9758,0.1338,31,31,0.1068,0.25045,0.25835,0.8535,0.9098,0.25835,50091,1.0,1.0,1.0,0.8545,0.9902,0.26156,0.26241,0.00108,0.00117,0.37378,,
R,1,0.1,0,0,0.0,32,6,1,0.992,0.9733,0.7167,18,1,0.0884,0.03959,0.63193,0.0092,1.2858,0.63193,7917,0.09953,0.0643,1.0,0.0092,1.2858,0.28603,0.26328,0.04459,0.00039,1.0,,
R,1,0.1,0,0,0.0,32,7,0,0.7501,0.9844,0.0764,0,0,0.116,0.25123,0.439,0.8696,0.8723,0.439,50247,1.0,1.0,1.0,0.8632,0.9392,0.26302,0.26319,0.00203,0.00251,0.37387,,
R,1,0.1,0,0,0.0,32,8,0,0.7631,0.9748,0.1044,27,27,0.1124,0.25013,0.38511,0.8596,0.8798,0.38511,50027,1.0,1.0,1.0,0.8571,0.9584,0.26215,0.26129,0.00081,0.00038,0.37062,,
R,1,0.1,0,0,0.0,32,9,1,0.9887,0.9882,0.7191,30,28,0.0923,0.15579,0.16115,0.0259,1.2736,0.16115,31158,0.1707,0.5801,1.0,0.0259,1.2736,0.28727,0.26387,0.04675,0.00251,1.0,,
R,1,0.1,0,0,0.0,32,10,0,0.7497,0.9726,0.2139,31,31,0.1169,0.24973,0.37435,0.8562,0.8739,0.37435,49945,1.0,1.0,1.0,0.8542,0.9401,0.2625,0.26126,0.00223,0.00238,0.37451,,
R,1,0.1,0,0,0.0,32,11,1,0.9949,0.9838,0.7179,17,31,0.0824,0.02564,0.99828,0.9134,1.2926,0.99828,5128,0.10198,0.0,1.0,0.0011,1.2925,0.28377,0.26253,0.04485,0.00037,1.0,,
R,1,0.1,0,0,0.0,32,12,1,0.9885,0.9824,0.7234,27,4,0.0934,0.06852,0.36087,0.0129,1.2787,0.36087,13703,0.10028,0.1952,1.0,0.0129,1.2787,0.28523,0.26409,0.04497,0.00065,1.0,,
R,1,0.1,0,0,0.0,32,13,1,0.9915,0.9841,0.712,28,3,0.087,0.0253,0.99874,0.2521,1.2839,0.99874,5059,0.1013,0.0001,1.0,0.008,1.2839,0.28458,0.26267,0.04557,0.0028,1.0,,
R,1,0.1,0,0,0.0,32,14,1,0.9946,0.9887,0.6923,28,22,0.0817,0.02494,0.9996,0.0013,1.2926,0.9996,4988,0.09931,0.0,1.0,0.0013,1.2926,0.28545,0.2657,0.04619,0.00181,1.0,,
R,1,0.1,0,0,0.0,32,15,1,0.9964,0.9776,0.7109,2,16,0.0917,0.1889,0.13409,0.0319,1.2872,0.13409,37781,0.2265,0.7251,1.0,0.0319,1.2872,0.28708,0.26545,0.04629,0.00177,0.99893,,
R,1,0.2,0,0,0.0,32,0,1,0.983,0.9758,0.705,24,5,0.0965,0.0631,0.79914,0.0116,1.2741,0.79914,12621,0.20211,0.0635,1.0,0.0116,1.2741,0.28423,0.26387,0.04418,0.00091,1.0,,
R,1,0.2,0,0,0.0,32,1,1,0.9928,0.978,0.6982,1,22,0.0867,0.05082,0.99843,0.0065,1.2907,0.99843,10164,0.20301,0.0004,1.0,0.0065,1.2907,0.28522,0.26327,0.04527,0.00109,1.0,,
R,1,0.2,0,0,0.0,32,2,1,0.9906,0.986,0.7237,5,20,0.0893,0.05099,0.99861,0.5985,1.2818,0.99861,10199,0.20413,0.0002,1.0,0.0041,1.2818,0.28586,0.26299,0.04499,0.00247,1.0,,
R,1,0.2,0,0,0.0,32,3,1,0.9944,0.9841,0.7003,15,29,0.0916,0.05801,0.8721,0.0141,1.2854,0.8721,11603,0.20154,0.037,1.0,0.0141,1.2854,0.28287,0.26479,0.04545,0.00097,1.0,,
R,1,0.2,0,0,0.0,32,4,0,0.9785,0.984,0.6901,2,8,0.0883,0.05735,0.88159,0.0109,1.2692,0.88159,11469,0.20259,0.0341,1.0,0.0109,1.2692,0.28525,0.26266,0.04485,3e-05,1.0,,
R,1,0.2,0,0,0.0,32,5,0,0.8413,0.957,0.2328,20,20,0.2001,0.25048,0.20925,0.8348,1.0628,0.20925,50096,1.0,1.0,1.0,0.8353,1.068,0.24113,0.24149,0.00108,0.00117,0.34919,,
R,1,0.2,0,0,0.0,32,6,1,0.9914,0.9736,0.7141,13,12,0.0876,0.05968,0.85364,0.0095,1.286,0.85364,11936,0.20263,0.0436,1.0,0.0095,1.286,0.28605,0.26329,0.04457,0.00039,1.0,,
R,1,0.2,0,0,0.0,32,7,1,0.9854,0.9866,0.6961,1,19,0.097,0.09002,0.55523,0.0181,1.2758,0.55523,18005,0.20465,0.1988,1.0,0.0181,1.2758,0.28607,0.26515,0.0451,0.00263,1.0,,
R,1,0.2,0,0,0.0,32,8,1,0.9941,0.978,0.726,3,20,0.0887,0.1545,0.32728,0.0215,1.2858,0.32728,30900,0.23167,0.5205,1.0,0.0215,1.2858,0.28732,0.26387,0.04617,0.00061,1.0,,
R,1,0.2,0,0,0.0,32,9,1,0.9878,0.9884,0.724,23,2,0.093,0.15265,0.32713,0.0229,1.2714,0.32713,30529,0.23816,0.5125,1.0,0.0229,1.2714,0.28713,0.26363,0.04631,0.00198,0.99974,,
R,1,0.2,0,0,0.0,32,10,1,0.989,0.9789,0.7353,6,4,0.1604,0.11522,0.43359,0.019,1.28,0.43359,23045,0.21367,0.3267,1.0,0.019,1.28,0.2666,0.24309,0.04408,0.00281,0.99984,,
R,1,0.2,0,0,0.0,32,11,1,0.9936,0.9845,0.7171,9,4,0.0813,0.0502,0.37059,1.2808,1.3079,0.37059,10040,0.19975,0.0,1.0,nan,1.2909,0.28377,0.26253,0.04485,0.00037,1.0,,
R,1,0.2,0,0,0.0,32,12,1,0.9871,0.9826,0.7247,7,0,0.0928,0.08028,0.6146,0.0108,1.2766,0.6146,16056,0.19843,0.1549,1.0,0.0108,1.2766,0.28523,0.26406,0.04509,0.00062,1.0,,
R,1,0.2,0,0,0.0,32,13,1,0.9903,0.9846,0.7113,30,1,0.089,0.05015,0.99844,0.6462,1.2819,0.99844,10030,0.2009,0.0002,1.0,0.0074,1.2818,0.28459,0.26267,0.04557,0.0028,1.0,,
R,1,0.2,0,0,0.0,32,14,1,0.9938,0.9891,0.6881,9,1,0.0843,0.04966,0.99931,0.6679,1.2912,0.99931,9932,0.19777,0.0001,1.0,0.0046,1.2912,0.28545,0.2657,0.04619,0.00181,1.0,,
R,1,0.2,0,0,0.0,32,15,1,0.9961,0.9781,0.7132,6,26,0.0923,0.18474,0.27071,0.0259,1.2856,0.27071,36947,0.25438,0.6706,1.0,0.0259,1.2856,0.28681,0.26537,0.04725,0.00176,0.99872,,
S,1,0.1,0,0,0.0,32,0,0,0.7644,0.968,0.2618,17,17,0.1771,0.24989,0.35433,0.8525,0.8733,0.35433,49978,1.0,1.0,1.0,0.8485,0.9621,,,,,,,
S,1,0.1,0,0,0.0,32,1,0,0.789,0.9711,0.1447,18,18,0.1124,0.25001,0.22195,0.8535,0.919,0.22195,50002,1.0,1.0,1.0,0.8538,0.9953,,,,,,,
S,1,0.1,0,0,0.0,32,2,1,0.993,0.9855,0.7211,11,22,0.0902,0.02547,0.9998,0.0009,1.2861,0.9998,5094,0.10201,0.0,1.0,0.0009,1.2861,,,,,,,
S,1,0.1,0,0,0.0,32,3,1,0.9953,0.9835,0.702,1,27,0.088,0.06065,0.41467,0.0136,1.2894,0.41467,12130,0.10158,0.157,1.0,0.0136,1.2894,,,,,,,
S,1,0.1,0,0,0.0,32,4,1,0.9805,0.984,0.6936,29,21,0.0857,0.03479,0.7287,0.0123,1.2728,0.7287,6959,0.10163,0.0421,1.0,0.0123,1.2728,,,,,,,
S,1,0.1,0,0,0.0,32,5,0,0.7831,0.9758,0.1317,13,13,0.1068,0.25051,0.26395,0.8538,0.9059,0.26395,50103,1.0,1.0,1.0,0.8545,0.9872,,,,,,,
S,1,0.1,0,0,0.0,32,6,1,0.9912,0.9729,0.7204,31,2,0.0884,0.03987,0.62741,0.0092,1.2851,0.62741,7974,0.09955,0.0656,1.0,0.0092,1.2851,,,,,,,
S,1,0.1,0,0,0.0,32,7,0,0.7526,0.9842,0.0802,24,24,0.1072,0.25124,0.46228,0.8702,0.8727,0.46228,50248,1.0,1.0,1.0,0.8633,0.9443,,,,,,,
S,1,0.1,0,0,0.0,32,8,1,0.9946,0.9777,0.7281,25,8,0.087,0.1449,0.17571,0.0216,1.2844,0.17571,28980,0.13886,0.5317,1.0,0.0216,1.2844,,,,,,,
S,1,0.1,0,0,0.0,32,9,0,0.7476,0.9861,0.0712,4,4,0.1056,0.25037,0.07389,0.8683,0.8865,0.07389,50073,1.0,1.0,1.0,0.8625,0.9341,,,,,,,
S,1,0.1,0,0,0.0,32,10,1,0.9888,0.9777,0.7356,13,5,0.0923,0.11335,0.22284,0.0228,1.2775,0.22284,22671,0.1338,0.3925,1.0,0.0228,1.2775,,,,,,,
S,1,0.1,0,0,0.0,32,11,1,0.9943,0.9837,0.7183,4,2,0.0834,0.02563,0.26341,1.2864,1.3083,0.26341,5126,0.10198,0.0,1.0,nan,1.2922,,,,,,,
S,1,0.1,0,0,0.0,32,12,0,0.7576,0.9771,0.0944,18,18,0.1087,0.24916,0.35054,0.8635,0.8782,0.35054,49832,1.0,1.0,1.0,0.8593,0.9552,,,,,,,
S,1,0.1,0,0,0.0,32,13,1,0.9915,0.9843,0.7119,2,31,0.0885,0.02529,0.99886,0.3636,1.2843,0.99886,5058,0.1013,0.0001,1.0,0.0086,1.2842,,,,,,,
S,1,0.1,0,0,0.0,32,14,1,0.9946,0.9889,0.691,24,30,0.0826,0.02494,0.9996,0.0027,1.2932,0.9996,4988,0.09931,0.0,1.0,0.0027,1.2932,,,,,,,
S,1,0.1,0,0,0.0,32,15,1,0.9963,0.977,0.7105,21,18,0.0925,0.19371,0.13076,0.0336,1.286,0.13076,38742,0.24153,0.7465,1.0,0.0336,1.286,,,,,,,
S,1,0.1,0,0,0.05,32,0,1,0.9851,0.9768,0.7116,9,13,0.2329,0.16031,0.15655,0.0583,1.2581,0.15655,32061,0.36777,0.5791,1.0,0.0597,1.2581,,,,,,,
S,1,0.1,0,0,0.05,32,1,0,0.7897,0.9726,0.1441,11,11,0.2449,0.26498,0.94298,0.021,0.87,0.94298,52996,1.0,1.0,1.0,0.8554,0.9987,,,,,,,
S,1,0.1,0,0,0.05,32,2,1,0.9924,0.9863,0.7289,6,8,0.2274,0.15743,0.16175,0.056,1.26,0.16175,31486,0.35439,0.5725,1.0,0.057,1.26,,,,,,,
S,1,0.1,0,0,0.05,32,3,0,0.7777,0.98,0.1382,26,26,0.2487,0.26605,0.94418,0.0218,0.8685,0.94418,53210,1.0,1.0,1.0,0.8561,0.9777,,,,,,,
S,1,0.1,0,0,0.05,32,4,1,0.9822,0.9855,0.7016,14,4,0.225,0.14752,0.17188,0.0541,1.2508,0.17188,29503,0.32652,0.5289,1.0,0.055,1.2508,,,,,,,
S,1,0.1,0,0,0.05,32,5,0,0.7846,0.9777,0.1618,0,0,0.2491,0.26472,0.94588,0.0216,0.8689,0.94588,52944,1.0,1.0,1.0,0.8556,0.9853,,,,,,,
S,1,0.1,0,0,0.05,32,6,1,0.9924,0.9756,0.718,20,30,0.2266,0.16036,0.15599,0.0583,1.2661,0.15599,32072,0.36626,0.5778,1.0,0.0596,1.2661,,,,,,,
S,1,0.1,0,0,0.05,32,7,1,0.9868,0.9867,0.701,26,6,0.23,0.1747,0.1435,0.0638,1.2564,0.1435,34940,0.42215,0.6413,1.0,0.0651,1.2564,,,,,,,
S,1,0.1,0,0,0.05,32,8,1,0.9953,0.9773,0.7321,27,20,0.2292,0.19148,0.13296,0.0705,1.2682,0.13296,38296,0.49489,0.7134,1.0,0.0722,1.2682,,,,,,,
S,1,0.1,0,0,0.05,32,9,0,0.7502,0.9871,0.0738,11,11,0.2538,0.2609,0.9596,0.0194,0.8709,0.9596,52180,1.0,1.0,1.0,0.8635,0.937,,,,,,,
S,1,0.1,0,0,0.05,32,10,1,0.9906,0.9785,0.741,31,9,0.2288,0.17952,0.14071,0.0656,1.2576,0.14071,35903,0.44376,0.6618,1.0,0.0672,1.2576,,,,,,,
S,1,0.1,0,0,0.05,32,11,1,0.9952,0.9858,0.7285,24,18,0.2225,0.13134,0.19513,0.0498,1.2594,0.19513,26269,0.27783,0.4536,1.0,0.0507,1.2594,,,,,,,
S,1,0.1,0,0,0.05,32,12,1,0.9893,0.9838,0.734,17,11,0.2296,0.17408,0.14203,0.0612,1.2565,0.14203,34816,0.412,0.6418,1.0,0.0626,1.2565,,,,,,,
S,1,0.1,0,0,0.05,32,13,1,0.9926,0.986,0.7218,20,2,0.2251,0.1422,0.1777,0.0518,1.2619,0.1777,28441,0.30694,0.5065,1.0,0.0527,1.2619,,,,,,,
S,1,0.1,0,0,0.05,32,14,1,0.9949,0.9902,0.694,25,17,0.2221,0.14287,0.17449,0.0535,1.2735,0.17449,28574,0.31277,0.5077,1.0,0.0544,1.2735,,,,,,,
S,1,0.1,0,0,0.05,32,15,1,0.9967,0.9785,0.7145,19,18,0.2297,0.20303,0.12476,0.076,1.2708,0.12476,40607,0.54896,0.7657,1.0,0.0775,1.2708,,,,,,,
S,1,0.1,0,0,0.1,32,0,1,0.9812,0.9752,0.7258,20,8,0.6136,0.24133,0.10399,0.1075,1.2125,0.10399,48265,0.58764,0.7124,1.0,0.1259,1.2125,,,,,,,
S,1,0.1,0,0,0.1,32,1,1,0.9905,0.9743,0.7076,23,17,0.6102,0.24399,0.10498,0.1144,1.2271,0.10498,48798,0.61542,0.7433,1.0,0.1328,1.2272,,,,,,,
S,1,0.1,0,0,0.1,32,2,1,0.9873,0.9833,0.7583,23,7,0.6084,0.23689,0.1075,0.1037,1.2083,0.1075,47377,0.57379,0.6993,1.0,0.121,1.2083,,,,,,,
S,1,0.1,0,0,0.1,32,3,1,0.9918,0.9811,0.7029,15,21,0.6071,0.25762,0.09755,0.1248,1.2415,0.09755,51524,0.67021,0.8027,1.0,0.145,1.2413,,,,,,,
S,1,0.1,0,0,0.1,32,4,0,0.7623,0.9823,0.0958,23,23,0.6311,0.34036,0.73391,0.0501,0.876,0.73391,68073,1.0,1.0,1.0,0.8665,0.9646,,,,,,,
S,1,0.1,0,0,0.1,32,5,1,0.9874,0.986,0.7345,22,15,0.6073,0.2056,0.12397,0.0915,1.1977,0.12397,41120,0.47598,0.5742,1.0,0.1065,1.1977,,,,,,,
S,1,0.1,0,0,0.1,32,6,0,0.7738,0.9707,0.2142,4,4,0.6224,0.34702,0.7241,0.052,0.8658,0.7241,69405,1.0,1.0,1.0,0.8536,0.9759,,,,,,,
S,1,0.1,0,0,0.1,32,7,1,0.9827,0.9838,0.7285,16,19,0.6113,0.24051,0.10426,0.1074,1.2049,0.10426,48102,0.58716,0.7104,1.0,0.1256,1.205,,,,,,,
S,1,0.1,0,0,0.1,32,8,1,0.9934,0.9733,0.7557,31,14,0.6057,0.25873,0.09816,0.1167,1.2307,0.09816,51747,0.64297,0.7747,1.0,0.1376,1.2313,,,,,,,
S,1,0.1,0,0,0.1,32,9,1,0.9851,0.9847,0.7585,3,30,0.6075,0.25778,0.09722,0.1134,1.2109,0.09722,51557,0.63658,0.761,1.0,0.1344,1.2106,,,,,,,
S,1,0.1,0,0,0.1,32,10,1,0.9869,0.9756,0.7721,13,10,0.6061,0.25327,0.09976,0.1064,1.2103,0.09976,50655,0.59849,0.7232,1.0,0.1269,1.2103,,,,,,,
S,1,0.1,0,0,0.1,32,11,1,0.989,0.9852,0.772,30,4,0.6077,0.22065,0.11616,0.0925,1.1863,0.11616,44131,0.49986,0.6062,1.0,0.1089,1.1863,,,,,,,
S,1,0.1,0,0,0.1,32,12,1,0.9859,0.9804,0.7636,8,9,0.6115,0.25515,0.0964,0.1072,1.209,0.0964,51030,0.60589,0.7369,1.0,0.1279,1.2089,,,,,,,
S,1,0.1,0,0,0.1,32,13,1,0.9909,0.9862,0.7402,5,24,0.6079,0.22094,0.11438,0.0988,1.2172,0.11438,44188,0.53011,0.6468,1.0,0.1147,1.2172,,,,,,,
S,1,0.1,0,0,0.1,32,14,1,0.9932,0.9901,0.7112,21,14,0.6037,0.21815,0.11429,0.1008,1.2263,0.11429,43629,0.52259,0.6402,1.0,0.1165,1.2263,,,,,,,
S,1,0.1,0,0,0.1,32,15,1,0.9951,0.9765,0.7357,17,24,0.6117,0.26214,0.0961,0.1198,1.2324,0.0961,52427,0.65141,0.7887,1.0,0.1413,1.2325,,,,,,,
S,1,0.1,0,0,0.2,32,0,0,0.9569,0.9217,0.6968,18,27,1.9258,0.45898,0.16736,0.1979,0.7342,0.16736,91797,0.70063,0.9306,1.0,0.3412,1.1999,,,,,,,
S,1,0.1,0,0,0.2,32,1,0,0.8177,0.9689,0.923,30,13,1.9156,0.42568,0.12316,0.1348,0.6718,0.12316,85137,0.56405,0.5649,1.0,0.1744,0.9762,,,,,,,
S,1,0.1,0,0,0.2,32,2,0,0.893,0.9722,0.9042,4,9,1.9238,0.43049,0.12199,0.1447,0.7246,0.12199,86097,0.601,0.6874,1.0,0.2053,1.0675,,,,,,,
S,1,0.1,0,0,0.2,32,3,0,0.9101,0.9753,0.8742,10,7,1.9169,0.43783,0.11592,0.1508,0.7404,0.11592,87566,0.61749,0.7169,1.0,0.2146,1.0743,,,,,,,
S,1,0.1,0,0,0.2,32,4,0,0.838,0.9824,0.9265,24,14,1.9076,0.42419,0.11799,0.1346,0.6811,0.11799,84839,0.56746,0.5689,1.0,0.1752,0.9944,,,,,,,
S,1,0.1,0,0,0.2,32,5,0,0.7298,0.9847,0.955,7,7,1.907,0.49756,0.5312,0.1186,0.8695,0.5312,99513,1.0,1.0,1.0,0.8954,0.9126,,,,,,,
S,1,0.1,0,0,0.2,32,6,0,0.8513,0.9612,0.9017,29,19,1.9129,0.44092,0.12516,0.1425,0.6834,0.12516,88183,0.59871,0.6479,1.0,0.1963,1.0165,,,,,,,
S,1,0.1,0,0,0.2,32,7,0,0.7979,0.9796,0.9439,25,21,1.9112,0.42951,0.11859,0.1351,0.6841,0.11859,85903,0.57016,0.5572,1.0,0.1727,0.9877,,,,,,,
S,1,0.1,0,0,0.2,32,8,0,0.9039,0.9665,0.9111,27,1,1.9264,0.43796,0.12233,0.1457,0.7321,0.12233,87592,0.60828,0.7035,1.0,0.2094,1.0821,,,,,,,
S,1,0.1,0,0,0.2,32,9,0,0.8793,0.9777,0.9203,19,29,1.9132,0.43699,0.11981,0.1447,0.7166,0.11981,87398,0.60748,0.6863,1.0,0.2041,1.0623,,,,,,,
S,1,0.1,0,0,0.2,32,10,0,0.8729,0.9665,0.9269,19,14,1.91,0.44311,0.12147,0.1444,0.7157,0.12147,88623,0.60189,0.6579,1.0,0.1998,1.0514,,,,,,,
S,1,0.1,0,0,0.2,32,11,0,0.7902,0.979,0.9698,0,21,1.9055,0.41816,0.11671,0.1308,0.6892,0.11671,83632,0.54937,0.4962,1.0,0.1594,0.9709,,,,,,,
S,1,0.1,0,0,0.2,32,12,0,0.906,0.9672,0.9026,0,27,1.9196,0.44551,0.11691,0.15,0.7359,0.11691,89103,0.6169,0.7211,1.0,0.2155,1.0885,,,,,,,
S,1,0.1,0,0,0.2,32,13,0,0.9401,0.9754,0.8368,13,2,1.9069,0.42616,0.12387,0.1505,0.7497,0.12387,85231,0.61615,0.735,1.0,0.2213,1.0995,,,,,,,
S,1,0.1,0,0,0.2,32,14,0,0.7642,0.9866,0.9489,29,10,1.904,0.41826,0.12058,0.1316,0.6527,0.12058,83652,0.54216,0.4665,1.0,0.158,0.9395,,,,,,,
S,1,0.1,0,0,0.2,32,15,0,0.9392,0.9591,0.8513,21,14,1.9203,0.45044,0.12791,0.1599,0.7461,0.12791,90088,0.64028,0.7882,1.0,0.2425,1.1163,,,,,,,
S,1,0.1,0,0,0.4,32,0,0,0.6858,0.9603,0.8021,11,11,6.466,0.65921,0.57828,0.2275,0.8717,0.57828,131841,1.0,0.9933,0.9944,1.021,1.0349,,,,,,,
S,1,0.1,0,0,0.4,32,1,0,0.7125,0.9437,0.8493,1,1,6.4847,0.66233,0.57455,0.234,0.869,0.57455,132466,1.0,0.9924,0.9949,1.0048,1.0834,,,,,,,
S,1,0.1,0,0,0.4,32,2,0,0.8993,0.7294,0.5887,4,14,6.51,0.65401,0.51589,0.2462,0.7574,0.51589,130802,0.74384,0.9513,0.9986,0.7277,1.3412,,,,,,,
S,1,0.1,0,0,0.4,32,3,0,0.735,0.9578,0.7583,19,19,6.4501,0.66054,0.57484,0.2308,0.8668,0.57484,132108,1.0,0.9933,0.997,1.0088,1.1071,,,,,,,
S,1,0.1,0,0,0.4,32,4,0,0.68,0.9643,0.8684,12,30,6.4485,0.6303,0.48663,0.2152,0.6029,0.48663,126060,0.69772,0.6699,0.9959,0.3965,1.0564,,,,,,,
S,1,0.1,0,0,0.4,32,5,0,0.8515,0.9189,0.6609,21,21,6.4996,0.65702,0.5697,0.2308,0.8591,0.5697,131403,1.0,0.9908,0.9986,0.9593,1.2706,,,,,,,
S,1,0.1,0,0,0.4,32,6,0,0.7414,0.9293,0.8638,15,22,6.4377,0.64004,0.46854,0.2294,0.6266,0.46854,128008,0.7111,0.7355,0.9962,0.435,1.1241,,,,,,,
S,1,0.1,0,0,0.4,32,7,0,0.6533,0.9619,0.8062,2,2,6.4695,0.65986,0.57134,0.2319,0.8685,0.57134,131972,1.0,0.9927,0.9902,1.0199,0.9672,,,,,,,
S,1,0.1,0,0,0.4,32,8,0,0.7404,0.9507,0.8773,18,24,6.5096,0.63811,0.48041,0.2216,0.6233,0.48041,127622,0.70785,0.7288,0.9984,0.4329,1.1381,,,,,,,
S,1,0.1,0,0,0.4,32,9,0,0.7882,0.9572,0.8918,16,17,6.4024,0.63533,0.40559,0.2466,0.6649,0.40559,127066,0.71179,0.7595,0.9988,0.4518,1.187,,,,,,,
S,1,0.1,0,0,0.4,32,10,0,0.7584,0.9412,0.888,7,19,6.4354,0.63365,0.45193,0.2314,0.6383,0.45193,126731,0.70648,0.7261,0.998,0.4321,1.1416,,,,,,,
S,1,0.1,0,0,0.4,32,11,0,0.9041,0.8425,0.7264,28,24,6.4815,0.65146,0.46633,0.252,0.7187,0.46633,130291,0.73419,0.9066,0.9998,0.6139,1.3159,,,,,,,
S,1,0.1,0,0,0.4,32,12,0,0.8639,0.8787,0.7635,31,15,6.4816,0.64636,0.48173,0.2391,0.6786,0.48173,129272,0.72869,0.8676,0.9994,0.5592,1.2572,,,,,,,
S,1,0.1,0,0,0.4,32,13,0,0.668,0.9534,0.7218,13,14,6.4635,0.64198,0.48692,0.2251,0.6281,0.48692,128396,0.71451,0.7505,0.9954,0.4545,1.0518,,,,,,,
S,1,0.1,0,0,0.4,32,14,0,0.7069,0.97,0.833,20,20,6.4582,0.66488,0.57566,0.2297,0.8716,0.57566,132976,1.0,0.9944,0.9952,1.0259,1.0617,,,,,,,
S,1,0.1,0,0,0.4,32,15,0,0.8554,0.9045,0.8459,12,9,6.555,0.63785,0.42136,0.246,0.6709,0.42136,127571,0.71487,0.8081,0.9994,0.4941,1.2254,,,,,,,
M,1,0.1,0,0,0.1,32,0,1,0.9809,0.9753,0.728,1,11,0.6111,0.24385,0.10291,0.1065,1.2094,0.10291,48770,0.58891,0.7111,1.0,0.1253,1.2094,,,,,,,
M,1,0.1,0,0,0.1,32,1,1,0.9905,0.9744,0.708,27,22,0.6093,0.24574,0.10423,0.1143,1.2286,0.10423,49148,0.6184,0.7442,1.0,0.1331,1.2287,,,,,,,
M,1,0.1,0,0,0.1,32,2,1,0.9871,0.9835,0.7592,18,15,0.6098,0.23731,0.10731,0.1035,1.2063,0.10731,47462,0.5728,0.6998,1.0,0.1208,1.2063,,,,,,,
M,1,0.1,0,0,0.1,32,3,1,0.992,0.981,0.7029,9,4,0.6084,0.25842,0.09773,0.1241,1.2388,0.09773,51683,0.66879,0.8014,1.0,0.1445,1.2393,,,,,,,
M,1,0.1,0,0,0.1,32,4,0,0.9793,0.9851,0.727,12,24,0.6061,0.22559,0.11244,0.0997,1.1981,0.11244,45117,0.54134,0.6581,1.0,0.1163,1.1983,,,,,,,
M,1,0.1,0,0,0.1,32,5,1,0.9871,0.986,0.7332,10,1,0.6062,0.20622,0.1236,0.0919,1.1991,0.1236,41243,0.47809,0.5766,1.0,0.1069,1.1992,,,,,,,
M,1,0.1,0,0,0.1,32,6,1,0.9879,0.9728,0.7272,21,2,0.6079,0.24904,0.10045,0.1124,1.2227,0.10045,49809,0.61433,0.7419,1.0,0.1317,1.2227,,,,,,,
M,1,0.1,0,0,0.1,32,7,1,0.9828,0.9838,0.7297,15,4,0.6126,0.24069,0.10418,0.1072,1.2036,0.10418,48137,0.58593,0.7086,1.0,0.1254,1.2037,,,,,,,
M,1,0.1,0,0,0.1,32,8,1,0.9935,0.9736,0.7546,19,5,0.6044,0.25794,0.0986,0.1154,1.2304,0.0986,51587,0.63797,0.7707,1.0,0.1364,1.2301,,,,,,,
M,1,0.1,0,0,0.1,32,9,1,0.9849,0.9842,0.7593,27,0,0.6109,0.2572,0.09722,0.1134,1.2067,0.09722,51439,0.63429,0.7611,1.0,0.1339,1.2069,,,,,,,
M,1,0.1,0,0,0.1,32,10,1,0.9868,0.9755,0.7735,13,17,0.6092,0.2517,0.1005,0.1059,1.2068,0.1005,50339,0.59522,0.7198,1.0,0.1262,1.2069,,,,,,,
M,1,0.1,0,0,0.1,32,11,1,0.9888,0.9851,0.771,15,19,0.606,0.22153,0.1157,0.0924,1.1859,0.1157,44306,0.50169,0.6068,1.0,0.109,1.1859,,,,,,,
M,1,0.1,0,0,0.1,32,12,1,0.9858,0.9806,0.7634,30,4,0.6115,0.25627,0.09684,0.1076,1.2068,0.09684,51254,0.60726,0.7421,1.0,0.1283,1.2067,,,,,,,
M,1,0.1,0,0,0.1,32,13,1,0.991,0.9862,0.7417,21,10,0.6057,0.21841,0.1157,0.0972,1.2139,0.1157,43683,0.52245,0.6341,1.0,0.1129,1.2139,,,,,,,
M,1,0.1,0,0,0.1,32,14,1,0.9933,0.9902,0.7116,7,31,0.6075,0.21973,0.11347,0.1008,1.2273,0.11347,43945,0.52511,0.6418,1.0,0.1168,1.2273,,,,,,,
M,1,0.1,0,0,0.1,32,15,1,0.995,0.9763,0.735,12,30,0.6127,0.2638,0.09566,0.12,1.2338,0.09566,52759,0.65408,0.7903,1.0,0.1419,1.2337,,,,,,,
M,2,0.06,0.14,0,0.1,32,0,0,0.6896,0.9597,0.0735,23,23,0.6549,0.346,0.72426,0.0516,0.8727,0.72426,69200,1.0,1.0,1.0,0.8684,0.9396,,,,,,0.022|0.081|0.873,0.1349|0.1436|0.7215
M,2,0.06,0.14,0,0.1,32,1,0,0.7946,0.9682,0.1104,30,10,0.6176,0.26791,0.13163,0.1279,1.2345,0.13163,53581,0.69541,0.8603,0.5943,0.3326,0.3467,,,,,,0.042|0.171|1.234,0.2913|0.5767|0.1320
M,2,0.06,0.14,0,0.1,32,2,0,0.8023,0.975,0.063,21,19,0.623,0.27296,0.1275,0.127,1.237,0.1275,54592,0.7065,0.8571,0.7499,0.3293,0.3288,,,,,,0.044|0.172|1.236,0.3063|0.5664|0.1273
M,2,0.06,0.14,0,0.1,32,3,0,0.8247,0.9819,0.0674,6,8,0.6225,0.24733,0.13951,0.1153,1.2288,0.13951,49467,0.62906,0.7807,0.7848,0.3269,0.3299,,,,,,0.042|0.159|1.229,0.3227|0.5378|0.1395
M,2,0.06,0.14,0,0.1,32,4,0,0.8329,0.9844,0.0547,9,20,0.6189,0.22462,0.15418,0.0987,1.2252,0.15418,44924,0.54431,0.6795,0.7136,0.3411,0.3524,,,,,,0.041|0.146|1.225,0.3813|0.4645|0.1542
M,2,0.06,0.14,0,0.1,32,5,0,0.8283,0.9829,0.0908,15,26,0.6165,0.22784,0.14943,0.0995,1.2428,0.14943,45567,0.55278,0.6964,0.6133,0.3382,0.3437,,,,,,0.040|0.145|1.243,0.3699|0.4807|0.1494
M,2,0.06,0.14,0,0.1,32,6,0,0.8254,0.9671,0.0769,27,21,0.6183,0.27389,0.12702,0.1255,1.2303,0.12702,54778,0.69878,0.8518,0.8464,0.3252,0.324,,,,,,0.043|0.170|1.231,0.3080|0.5653|0.1267
M,2,0.06,0.14,0,0.1,32,7,0,0.8391,0.9861,0.0469,7,3,0.6172,0.23009,0.15229,0.0993,1.2256,0.15229,46019,0.55546,0.6911,0.7682,0.3383,0.3516,,,,,,0.039|0.144|1.226,0.3625|0.4852|0.1523
M,2,0.06,0.14,0,0.1,32,8,0,0.8315,0.973,0.0558,14,23,0.6267,0.25943,0.134,0.1129,1.228,0.134,51886,0.64372,0.7916,0.8256,0.3254,0.3402,,,,,,0.043|0.159|1.228,0.3449|0.5215|0.1337
M,2,0.06,0.14,0,0.1,32,9,0,0.8299,0.9849,0.0383,28,30,0.6231,0.24929,0.14146,0.1087,1.2224,0.14146,49859,0.61662,0.7602,0.8244,0.33,0.3327,,,,,,0.041|0.154|1.222,0.3446|0.5139|0.1415
M,2,0.06,0.14,0,0.1,32,10,0,0.8248,0.9718,0.0457,11,12,0.6293,0.26299,0.13192,0.118,1.2463,0.13192,52598,0.6636,0.8156,0.8142,0.3286,0.3286,,,,,,0.043|0.164|1.246,0.3297|0.5384|0.1318
M,2,0.06,0.14,0,0.1,32,11,0,0.8406,0.9784,0.0711,14,9,0.6171,0.24962,0.1428,0.1147,1.2343,0.1428,49924,0.6328,0.7853,0.8143,0.3327,0.3295,,,,,,0.042|0.159|1.234,0.3257|0.5315|0.1428
M,2,0.06,0.14,0,0.1,32,12,0,0.8285,0.979,0.0461,6,30,0.6207,0.2615,0.13284,0.1156,1.2369,0.13284,52301,0.65185,0.7981,0.8136,0.3283,0.3473,,,,,,0.042|0.161|1.237,0.3327|0.5347|0.1326
M,2,0.06,0.14,0,0.1,32,13,0,0.8302,0.9697,0.0624,8,12,0.6297,0.29012,0.11962,0.1471,1.2521,0.11962,58024,0.7797,0.9123,0.9164,0.3415,0.338,,,,,,0.043|0.188|1.252,0.2507|0.6287|0.1206
M,2,0.06,0.14,0,0.1,32,14,0,0.8232,0.9862,0.0751,3,18,0.6213,0.23991,0.14437,0.1022,1.2262,0.14437,47981,0.5719,0.7206,0.6626,0.3342,0.3261,,,,,,0.040|0.149|1.226,0.3665|0.4891|0.1444
M,2,0.06,0.14,0,0.1,32,15,0,0.811,0.9772,0.0737,2,31,0.6248,0.23677,0.14826,0.1086,1.2209,0.14826,47354,0.59251,0.7516,0.6324,0.3315,0.3493,,,,,,0.042|0.155|1.221,0.3470|0.5048|0.1483
M,3,0.04,0.1,0.16,0.1,32,0,0,0.7416,0.9655,0.0563,13,22,0.6444,0.24305,0.16538,0.1073,1.2222,0.16538,48609,0.61039,0.7593,0.6731,0.3592,0.3782,,,,,,0.020|0.078|0.183|1.222,0.1717|0.3336|0.3293|0.1654
M,3,0.04,0.1,0.16,0.1,32,1,0,0.7592,0.9624,0.0661,9,23,0.6411,0.28177,0.14301,0.1365,1.2451,0.14301,56355,0.74477,0.8897,0.8976,0.3591,0.3632,,,,,,0.021|0.087|0.209|1.245,0.1370|0.2995|0.4210|0.1424
M,3,0.04,0.1,0.16,0.1,32,2,0,0.7174,0.9778,0.03,12,19,0.6412,0.24314,0.16595,0.1087,1.2286,0.16595,48628,0.61605,0.7655,0.7402,0.3613,0.3424,,,,,,0.020|0.077|0.182|1.229,0.1680|0.3244|0.3416|0.1660
M,3,0.04,0.1,0.16,0.1,32,3,0,0.7439,0.9793,0.0439,2,20,0.6408,0.25922,0.15712,0.1191,1.2357,0.15712,51845,0.66682,0.8147,0.8184,0.3585,0.3557,,,,,,0.020|0.080|0.192|1.236,0.1535|0.3161|0.3738|0.1567
M,3,0.04,0.1,0.16,0.1,32,4,0,0.7538,0.9732,0.0424,9,26,0.6324,0.25836,0.15453,0.12,1.2526,0.15453,51672,0.67431,0.814,0.834,0.3602,0.3631,,,,,,0.022|0.085|0.196|1.253,0.1651|0.3219|0.3584|0.1546
M,3,0.04,0.1,0.16,0.1,32,5,0,0.753,0.9738,0.0725,6,12,0.6322,0.25434,0.15771,0.1129,1.2429,0.15771,50869,0.63647,0.7778,0.7789,0.363,0.3686,,,,,,0.019|0.076|0.186|1.244,0.1578|0.3198|0.3650|0.1574
M,3,0.04,0.1,0.16,0.1,32,6,0,0.743,0.9637,0.0572,0,22,0.6376,0.28417,0.14054,0.1389,1.2475,0.14054,56834,0.75657,0.8998,0.8785,0.3577,0.3471,,,,,,0.022|0.089|0.210|1.247,0.1428|0.2796|0.4359|0.1416
M,3,0.04,0.1,0.16,0.1,32,7,0,0.7345,0.9753,0.0347,28,13,0.6453,0.25461,0.15846,0.1089,1.2109,0.15846,50921,0.62349,0.7717,0.7389,0.3557,0.3476,,,,,,0.020|0.079|0.184|1.211,0.1739|0.3307|0.3372|0.1581
M,3,0.04,0.1,0.16,0.1,32,8,0,0.7591,0.9715,0.0426,12,14,0.6287,0.24655,0.16345,0.1086,1.2465,0.16345,49311,0.61704,0.7593,0.7991,0.3657,0.3595,,,,,,0.021|0.079|0.183|1.247,0.1776|0.3223|0.3366|0.1634
M,3,0.04,0.1,0.16,0.1,32,9,0,0.7376,0.9843,0.0379,23,30,0.6422,0.24398,0.16206,0.107,1.2274,0.16206,48796,0.606,0.7397,0.788,0.3617,0.3574,,,,,,0.019|0.076|0.181|1.227,0.1692|0.3314|0.3374|0.1620
M,3,0.04,0.1,0.16,0.1,32,10,0,0.759,0.9632,0.0421,30,14,0.638,0.26555,0.15049,0.1274,1.2425,0.15049,53110,0.69312,0.8412,0.86,0.3593,0.3517,,,,,,0.023|0.088|0.204|1.243,0.1648|0.3015|0.3837|0.1500
M,3,0.04,0.1,0.16,0.1,32,11,0,0.7289,0.9719,0.1027,10,28,0.7008,0.26328,0.15339,0.1197,1.2352,0.15339,52656,0.67429,0.8285,0.7271,0.3548,0.3526,,,,,,0.023|0.087|0.196|1.235,0.1750|0.3157|0.3558|0.1534
M,3,0.04,0.1,0.16,0.1,32,12,0,0.7441,0.9728,0.0353,24,27,0.6408,0.24605,0.16328,0.1095,1.2307,0.16328,49210,0.61448,0.7654,0.8338,0.36,0.3748,,,,,,0.020|0.077|0.182|1.231,0.1689|0.3192|0.3486|0.1633
M,3,0.04,0.1,0.16,0.1,32,13,0,0.749,0.982,0.0365,21,28,0.6456,0.22565,0.17859,0.0968,1.2146,0.17859,45131,0.54912,0.6915,0.7395,0.3715,0.3448,,,,,,0.018|0.072|0.169|1.215,0.1778|0.3331|0.3105|0.1786
M,3,0.04,0.1,0.16,0.1,32,14,0,0.7569,0.9855,0.044,1,11,0.63,0.22104,0.17914,0.0962,1.2276,0.17914,44208,0.53008,0.6694,0.704,0.3749,0.3848,,,,,,0.020|0.076|0.173|1.228,0.1918|0.3458|0.2833|0.1791
M,3,0.04,0.1,0.16,0.1,32,15,0,0.7456,0.9738,0.04,1,2,0.6406,0.2401,0.16766,0.1017,1.2212,0.16766,48020,0.58245,0.7326,0.7442,0.361,0.362,,,,,,0.019|0.076|0.175|1.221,0.1739|0.3405|0.3180|0.1677
X,1,0.02,0,0,0.0,31,0,0,0.7037,0.9748,0.0466,17,17,0.0988,0.24991,0.51566,0.8401,0.8711,0.51566,49982,1.0,1.0,1.0,0.8558,0.8739,0.2614,0.26147,0.00061,0.00118,0.37907,,
X,1,0.02,0,0,0.0,31,1,0,0.7293,0.9776,0.2206,12,12,0.1648,0.25,0.99974,0.0086,0.8602,0.99974,50001,1.0,1.0,1.0,0.8591,0.9112,0.23979,0.24045,0.00161,0.00109,0.34612,,
X,1,0.02,0,0,0.0,31,2,0,0.7033,0.9857,0.0378,5,5,0.0917,0.24964,0.08046,0.8609,0.886,0.08046,49928,1.0,1.0,1.0,0.8628,0.87,0.26204,0.26096,0.00191,0.00285,0.37158,,
X,1,0.02,0,0,0.0,31,3,0,0.7113,0.9833,0.0355,27,27,0.0945,0.25144,0.99864,0.3015,0.8584,0.99864,50288,1.0,1.0,1.0,0.8578,0.8838,0.25835,0.26275,0.00139,0.00079,0.37404,,
X,1,0.02,0,0,0.0,31,4,0,0.7063,0.9838,0.0358,10,10,0.089,0.24964,0.9988,0.6316,0.8649,0.9988,49928,1.0,1.0,1.0,0.8644,0.8798,0.26151,0.26061,0.0012,0.00049,0.37731,,
X,1,0.02,0,0,0.0,31,5,0,0.7323,0.9825,0.0531,10,10,0.1627,0.25041,0.99826,0.7693,0.8608,0.99826,50082,1.0,1.0,1.0,0.8597,0.9114,0.24054,0.24211,0.00108,0.00117,0.3503,,
X,1,0.02,0,0,0.0,31,6,0,0.712,0.9725,0.0445,13,13,0.0902,0.2515,0.14547,0.8494,0.8736,0.14547,50301,1.0,1.0,1.0,0.8522,0.8893,0.26168,0.26115,0.00145,0.00201,0.367,,
X,1,0.02,0,0,0.0,31,7,0,0.6996,0.9869,0.1705,23,23,0.163,0.25127,0.36134,0.8607,0.878,0.36134,50253,1.0,1.0,1.0,0.8671,0.8677,0.24274,0.24225,0.00203,0.00251,0.3475,,
X,1,0.02,0,0,0.0,31,8,0,0.6947,0.9785,0.051,0,0,0.0922,0.25011,0.08338,0.8583,0.8789,0.08338,50023,1.0,1.0,1.0,0.86,0.8625,0.26219,0.26133,0.00142,0.00143,0.37136,,
X,1,0.02,0,0,0.0,31,9,0,0.687,0.9893,0.0441,1,1,0.0962,0.25035,0.36349,0.8542,0.8868,0.36349,50071,1.0,1.0,1.0,0.8664,0.8483,0.26099,0.26089,0.00089,0.00181,0.36935,,
X,1,0.02,0,0,0.0,31,10,0,0.6849,0.9776,0.0486,1,1,0.0955,0.24974,0.99933,0.5974,0.8577,0.99933,49949,1.0,1.0,1.0,0.8578,0.8487,0.26255,0.26124,0.00245,0.00238,0.37551,,
X,1,0.02,0,0,0.0,31,11,0,0.7187,0.983,0.0445,9,9,0.085,0.25132,0.43213,0.8553,0.8806,0.43213,50264,1.0,1.0,1.0,0.8655,0.8998,0.25967,0.26025,0.00127,0.00113,0.37217,,
X,1,0.02,0,0,0.0,31,12,0,0.6951,0.9835,0.0507,25,25,0.1714,0.2491,0.43081,0.8541,0.8824,0.43081,49821,1.0,1.0,1.0,0.8664,0.8631,0.24043,0.24019,0.00094,0.00036,0.34908,,
X,1,0.02,0,0,0.0,31,13,0,0.7065,0.9835,0.0284,29,29,0.0892,0.24947,0.57952,0.8368,0.8767,0.57952,49894,1.0,1.0,1.0,0.8596,0.8745,0.2591,0.26055,0.00149,0.00285,0.38288,,
X,1,0.02,0,0,0.0,31,14,0,0.7205,0.9885,0.0304,19,19,0.0912,0.25104,0.09,0.8703,0.8884,0.09,50208,1.0,1.0,1.0,0.8714,0.9029,0.26194,0.26341,0.00125,0.00181,0.37311,,
X,1,0.02,0,0,0.0,31,15,0,0.7064,0.9774,0.0461,25,25,0.0967,0.25432,0.98644,0.0168,0.8592,0.98644,50864,1.0,1.0,1.0,0.8587,0.8783,0.26105,0.26235,0.00352,0.00181,0.37219,,
X,1,0.05,0,0,0.0,31,0,0,0.7262,0.9736,0.0535,30,30,0.1061,0.24991,0.35814,0.8501,0.8692,0.35814,49983,1.0,1.0,1.0,0.8545,0.9068,0.26141,0.26147,0.00051,0.00091,0.3788,,
X,1,0.05,0,0,0.0,31,1,0,0.7511,0.9744,0.1485,13,13,0.2407,0.25348,0.98604,0.0165,0.8644,0.98604,50696,1.0,1.0,1.0,0.86,0.9457,0.2211,0.21975,0.00164,0.00111,0.32631,,
X,1,0.05,0,0,0.0,31,2,0,0.7274,0.9847,0.044,2,2,0.0996,0.24966,0.07859,0.863,0.885,0.07859,49933,1.0,1.0,1.0,0.8624,0.9078,0.26204,0.26096,0.00081,0.00247,0.37158,,
X,1,0.05,0,0,0.0,31,3,0,0.7331,0.9828,0.054,24,24,0.1005,0.25149,0.99904,0.0099,0.8615,0.99904,50297,1.0,1.0,1.0,0.8589,0.9107,0.25833,0.26274,0.0006,0.00073,0.37409,,
X,1,0.05,0,0,0.0,31,4,1,0.9881,0.9847,0.7025,15,25,0.1583,0.02517,0.51192,0.0131,1.2821,0.51192,5034,0.05164,0.0519,1.0,0.0131,1.2821,0.265,0.24321,0.04484,2e-05,1.0,,
X,1,0.05,0,0,0.0,31,5,0,0.7513,0.9809,0.0817,23,23,0.101,0.2505,0.99686,0.7934,0.8638,0.99686,50101,1.0,1.0,1.0,0.8598,0.9422,0.26156,0.26241,0.00108,0.00117,0.37378,,
X,1,0.05,0,0,0.0,31,6,0,0.7374,0.9725,0.088,28,28,0.1594,0.25173,0.99902,0.0083,0.8556,0.99902,50347,1.0,1.0,1.0,0.8522,0.9209,0.24052,0.24057,0.00039,0.00036,0.34476,,
X,1,0.05,0,0,0.0,31,7,0,0.7188,0.9866,0.0422,24,24,0.1029,0.25123,0.4155,0.8552,0.8826,0.4155,50247,1.0,1.0,1.0,0.8651,0.8948,0.26302,0.26319,0.00203,0.00293,0.37381,,
X,1,0.05,0,0,0.0,31,8,0,0.7221,0.9779,0.0518,0,0,0.1001,0.25013,0.08098,0.8616,0.8785,0.08098,50027,1.0,1.0,1.0,0.861,0.9013,0.26218,0.26132,0.00139,0.00143,0.37099,,
X,1,0.05,0,0,0.0,31,9,0,0.7094,0.9891,0.0425,1,1,0.1,0.25036,0.383,0.8533,0.8866,0.383,50072,1.0,1.0,1.0,0.8652,0.8823,0.26099,0.26089,0.00089,0.00181,0.36919,,
X,1,0.05,0,0,0.0,31,10,0,0.704,0.9772,0.0487,14,14,0.1014,0.24971,0.50944,0.8466,0.8701,0.50944,49943,1.0,1.0,1.0,0.8578,0.8748,0.26254,0.26126,0.00245,0.00238,0.37472,,
X,1,0.05,0,0,0.0,31,11,0,0.7383,0.9823,0.1206,30,30,0.1646,0.25132,0.08567,0.866,0.8824,0.08567,50263,1.0,1.0,1.0,0.8642,0.9277,0.23943,0.23916,9e-05,0.00011,0.34674,,
X,1,0.05,0,0,0.0,31,12,0,0.715,0.9823,0.0289,16,16,0.0999,0.2491,0.42584,0.8538,0.8814,0.42584,49820,1.0,1.0,1.0,0.8643,0.8907,0.26177,0.26176,0.00094,0.00036,0.37242,,
X,1,0.05,0,0,0.0,31,13,0,0.7262,0.9822,0.0448,6,6,0.0956,0.24949,0.58388,0.8437,0.8752,0.58388,49897,1.0,1.0,1.0,0.8599,0.9048,0.25909,0.26055,0.00016,0.0028,0.38288,,
X,1,0.05,0,0,0.0,31,14,0,0.7398,0.9874,0.0588,20,20,0.0938,0.25102,0.08071,0.8723,0.8877,0.08071,50204,1.0,1.0,1.0,0.8706,0.9308,0.26194,0.26341,0.00125,0.00181,0.37306,,
X,1,0.05,0,0,0.0,31,15,0,0.7254,0.977,0.0488,3,3,0.1022,0.25428,0.98652,0.0161,0.8599,0.98652,50856,1.0,1.0,1.0,0.8573,0.9065,0.26105,0.26233,0.00351,0.00179,0.37224,,
X,1,0.1,0,0,0.0,31,0,0,0.7633,0.9683,0.1111,30,30,0.1124,0.24991,0.33839,0.8531,0.8722,0.33839,49982,1.0,1.0,1.0,0.8485,0.9594,0.2614,0.26146,0.00051,0.00091,0.37875,,
X,1,0.1,0,0,0.0,31,1,0,0.7909,0.9707,0.1478,15,15,0.1142,0.24996,0.19966,0.8518,0.9305,0.19966,49991,1.0,1.0,1.0,0.8524,1.0001,0.26155,0.26119,0.00161,0.00109,0.37093,,
X,1,0.1,0,0,0.0,31,2,0,0.7665,0.9799,0.1041,1,1,0.1825,0.24964,0.34757,0.8588,0.8868,0.34757,49928,1.0,1.0,1.0,0.8578,0.9629,0.24185,0.24024,0.00081,0.00247,0.34766,,
X,1,0.1,0,0,0.0,31,3,0,0.7774,0.9783,0.1211,10,10,0.1138,0.25141,0.2457,0.8562,0.8917,0.2457,50283,1.0,1.0,1.0,0.8535,0.9737,0.25832,0.26274,0.0006,0.00073,0.37403,,
X,1,0.1,0,0,0.0,31,4,0,0.7584,0.9809,0.0916,24,24,0.1724,0.24959,0.06728,0.8637,0.9684,0.06728,49918,1.0,1.0,1.0,0.8614,0.9529,0.24047,0.23889,0.00036,1e-05,0.35149,,
X,1,0.1,0,0,0.0,31,5,0,0.7866,0.9764,0.136,24,24,0.1755,0.25039,0.10849,0.8536,0.9852,0.10849,50079,1.0,1.0,1.0,0.8542,0.9895,0.24037,0.24071,0.00108,0.00117,0.35002,,
X,1,0.1,0,0,0.0,31,6,0,0.7732,0.9679,0.1256,14,14,0.1086,0.25151,0.29405,0.8491,0.8876,0.29405,50303,1.0,1.0,1.0,0.848,0.9739,0.26168,0.26115,0.00039,0.00036,0.367,,
X,1,0.1,0,0,0.0,31,7,0,0.7505,0.9845,0.0769,2,2,0.1188,0.25123,0.44195,0.8706,0.873,0.44195,50247,1.0,1.0,1.0,0.864,0.9405,0.26303,0.26319,0.00203,0.00251,0.37381,,
X,1,0.1,0,0,0.0,31,8,0,0.7658,0.9744,0.1087,2,2,0.1126,0.25016,0.35146,0.8588,0.8844,0.35146,50031,1.0,1.0,1.0,0.8572,0.9627,0.26215,0.26131,0.00081,0.00038,0.37089,,
X,1,0.1,0,0,0.0,31,9,1,0.9906,0.9886,0.7173,23,21,0.2894,0.12775,0.19652,0.0224,1.282,0.19652,25550,0.15374,0.4554,1.0,0.0224,1.282,0.23049,0.20657,0.04629,0.00205,0.98655,,
X,1,0.1,0,0,0.0,31,10,0,0.7512,0.9721,0.0903,8,8,0.1112,0.24971,0.07266,0.8554,0.9589,0.07266,49942,1.0,1.0,1.0,0.8536,0.9462,0.26249,0.26125,0.00223,0.00238,0.37329,,
X,1,0.1,0,0,0.0,31,11,1,0.995,0.9847,0.7178,29,21,0.1479,0.02563,0.39637,1.2831,1.3079,0.39637,5126,0.10198,0.0,1.0,nan,1.2929,0.26304,0.24187,0.04485,0.00037,1.0,,
X,1,0.1,0,0,0.0,31,12,0,0.7578,0.977,0.0946,25,25,0.1083,0.24917,0.33142,0.8627,0.878,0.33142,49834,1.0,1.0,1.0,0.8584,0.9546,0.26177,0.26176,0.00094,0.00036,0.37242,,
X,1,0.1,0,0,0.0,31,13,0,0.7624,0.9773,0.1009,2,2,0.1087,0.24948,0.46713,0.8638,0.8655,0.46713,49895,1.0,1.0,1.0,0.8544,0.9558,0.25909,0.26055,0.00016,0.0028,0.38288,,
X,1,0.1,0,0,0.0,31,14,0,0.7749,0.9828,0.113,8,8,0.1027,0.2511,0.27237,0.8656,0.9034,0.27237,50219,1.0,1.0,1.0,0.8648,0.9795,0.26194,0.26341,0.00125,0.00181,0.37306,,
X,1,0.1,0,0,0.0,31,15,0,0.7769,0.9726,0.1262,16,16,0.1061,0.25384,0.98822,0.0147,0.8645,0.98822,50769,1.0,1.0,1.0,0.8518,0.9771,0.26105,0.26233,0.00354,0.00179,0.37219,,
X,1,0.2,0,0,0.0,31,0,0,0.8346,0.9457,0.2346,24,24,0.1307,0.2499,0.20121,0.8271,1.0611,0.20121,49980,1.0,1.0,1.0,0.8271,1.0608,0.2614,0.26147,0.00051,0.00091,0.37859,,
X,1,0.2,0,0,0.0,31,1,1,0.9935,0.9786,0.6998,29,30,0.235,0.05079,0.99892,0.0053,1.2932,0.99892,10159,0.20301,0.0003,1.0,0.0053,1.2932,0.24671,0.22325,0.04527,0.00109,1.0,,
X,1,0.2,0,0,0.0,31,2,0,0.8428,0.9547,0.2372,9,9,0.1275,0.24965,0.20365,0.8323,1.0695,0.20365,49930,1.0,1.0,1.0,0.8323,1.0692,0.26204,0.26095,0.00081,0.00247,0.37158,,
X,1,0.2,0,0,0.0,31,3,0,0.8523,0.958,0.2473,29,29,0.1961,0.25133,0.20342,0.8332,1.0778,0.20342,50267,1.0,1.0,1.0,0.8334,1.0813,0.23851,0.24161,0.0006,0.00073,0.35165,,
X,1,0.2,0,0,0.0,31,4,0,0.8298,0.9603,0.2133,21,21,0.1226,0.24963,0.20279,0.8407,1.0546,0.20279,49927,1.0,1.0,1.0,0.8407,1.0556,0.26151,0.26061,0.00036,1e-05,0.37731,,
X,1,0.2,0,0,0.0,31,5,0,0.8422,0.9552,0.2358,2,2,0.1159,0.25039,0.2041,0.8332,1.0673,0.2041,50077,1.0,1.0,1.0,0.8332,1.0671,0.26156,0.26241,0.00108,0.00117,0.37378,,
X,1,0.2,0,0,0.0,31,6,0,0.8477,0.9456,0.2533,11,11,0.1213,0.2515,0.20192,0.8251,1.0788,0.20192,50301,1.0,1.0,1.0,0.8251,1.0784,0.26167,0.26115,0.00039,0.00036,0.367,,
X,1,0.2,0,0,0.0,31,7,0,0.8236,0.9666,0.1981,21,21,0.1238,0.25123,0.19694,0.8457,1.0439,0.19694,50247,1.0,1.0,1.0,0.8455,1.043,0.26302,0.26319,0.00203,0.00251,0.37381,,
X,1,0.2,0,0,0.0,31,8,0,0.8491,0.9496,0.2512,21,21,0.1244,0.25016,0.20243,0.8317,1.0783,0.20243,50031,1.0,1.0,1.0,0.8317,1.0793,0.26216,0.26129,0.00081,0.00038,0.37083,,
X,1,0.2,0,0,0.0,31,9,0,0.8369,0.963,0.2206,2,2,0.124,0.25038,0.19733,0.8411,1.0616,0.19733,50075,1.0,1.0,1.0,0.8409,1.0604,0.26099,0.26089,0.00089,0.00179,0.36909,,
X,1,0.2,0,0,0.0,31,10,0,0.835,0.9492,0.2318,30,30,0.1996,0.25006,0.27542,0.8291,0.999,0.27542,50011,1.0,1.0,1.0,0.8307,1.0628,0.24162,0.24082,0.00223,0.00238,0.3479,,
X,1,0.2,0,0,0.0,31,11,1,0.9945,0.9848,0.7163,17,22,0.158,0.0502,0.99569,1.1804,1.2924,0.99569,10041,0.19975,0.0,1.0,0.005,1.292,0.26312,0.24235,0.04485,0.00037,1.0,,
X,1,0.2,0,0,0.0,31,12,1,0.9883,0.9844,0.7223,30,21,0.1551,0.06509,0.75809,0.0099,1.2805,0.75809,13017,0.19817,0.0788,1.0,0.0099,1.2805,0.26544,0.24245,0.04511,0.00053,1.0,,
X,1,0.2,0,0,0.0,31,13,1,0.991,0.9861,0.713,16,9,0.1662,0.05147,0.97358,0.0083,1.2846,0.97358,10295,0.2009,0.0068,1.0,0.0083,1.2846,0.264,0.24169,0.04557,0.0028,1.0,,
X,1,0.2,0,0,0.0,31,14,1,0.9943,0.9901,0.6914,1,30,0.1593,0.04974,0.99819,0.0079,1.2924,0.99819,9947,0.19777,0.0004,1.0,0.0079,1.2924,0.26527,0.24453,0.04619,0.00181,1.0,,
X,1,0.2,0,0,0.0,31,15,0,0.8596,0.947,0.2686,10,10,0.1304,0.25356,0.32076,0.8263,0.9668,0.32076,50713,1.0,1.0,1.0,0.8266,1.0974,0.26103,0.26231,0.00355,0.00179,0.37219,,
