gamma,eps,seed,child_latent_angle_deg,top_1_rho,top_1_phi_deg,top_2_rho,top_2_phi_deg,top_3_rho,top_3_phi_deg,top_4_rho,top_4_phi_deg,top_5_rho,top_5_phi_deg
0.0,0.005,0,46.65605163574219,0.9908098578453064,46.65605163574219,0.981777548789978,-1.9022232294082642,0.0780547559261322,41.68535232543945,0.0665072575211525,170.35574340820312,0.06494704633951187,-3.658729076385498
0.0,0.005,1,46.591651916503906,0.9907578825950623,46.591644287109375,0.9820968508720398,-1.8494131565093994,0.08158499747514725,41.191226959228516,0.06738299131393433,168.0926055908203,0.06619178503751755,-1.6462633609771729
0.0,0.005,2,46.61488342285156,0.9908449649810791,46.61488342285156,0.981807291507721,-1.8174747228622437,0.07712683826684952,40.99068069458008,0.06762462854385376,170.8377227783203,0.06747689098119736,-3.935432195663452
0.0,0.005,3,46.60334014892578,0.9910488128662109,46.603336334228516,0.9820635318756104,-1.8518768548965454,0.07687482982873917,41.7226448059082,0.06776624917984009,-3.558633804321289,0.06661432236433029,168.77291870117188
0.0,0.005,4,46.616302490234375,0.9917845726013184,46.61629867553711,0.9820567965507507,-1.854435682296753,0.07318929582834244,41.217742919921875,0.06507309526205063,171.76296997070312,0.06174193695187569,-4.171192646026611
0.0,0.005,5,46.51271438598633,0.9911394119262695,46.51271438598633,0.9821082353591919,-1.8821754455566406,0.07787442952394485,41.204505920410156,0.06694536656141281,-3.6788578033447266,0.06663843244314194,169.11917114257812
0.0,0.005,6,46.57765579223633,0.9910229444503784,46.57765579223633,0.9820435643196106,-2.0297317504882812,0.07750196754932404,43.85411071777344,0.0705670639872551,-3.1540656089782715,0.06669192761182785,170.42813110351562
0.0,0.005,7,46.60222625732422,0.990807831287384,46.60222244262695,0.981865406036377,-1.8398795127868652,0.07799676805734634,41.35258102416992,0.06986656039953232,-3.5698740482330322,0.06461542099714279,168.70196533203125
0.0,0.01,0,46.993961334228516,0.991254985332489,46.99395751953125,0.9821387529373169,-2.153522491455078,0.07931895554065704,43.0560417175293,0.068354032933712,168.02256774902344,0.06722880154848099,-2.151179075241089
0.0,0.01,1,46.95166778564453,0.9907724261283875,46.95166778564453,0.9816540479660034,-2.172940731048584,0.0809016078710556,43.055850982666016,0.06837116181850433,-1.6637029647827148,0.06508301198482513,169.14073181152344
0.0,0.01,2,47.08826446533203,0.990884006023407,47.08826446533203,0.9820510149002075,-1.936735987663269,0.07838146388530731,40.88237762451172,0.06512299180030823,168.0883026123047,0.06397921591997147,-2.230193614959717
0.0,0.01,3,47.01749801635742,0.9906866550445557,47.01749801635742,0.9820014834403992,-2.0929043292999268,0.07879156619310379,40.57062911987305,0.0684802383184433,169.72584533691406,0.06634064763784409,-2.2529497146606445
0.0,0.01,4,47.079002380371094,0.9908159375190735,47.079002380371094,0.9818284511566162,-2.0926477909088135,0.07852544635534286,42.20246124267578,0.06801441311836243,-3.069289445877075,0.0677790492773056,168.247314453125
0.0,0.01,5,47.12704849243164,0.9909408688545227,47.12704849243164,0.9819062948226929,-1.9644593000411987,0.07581398636102676,41.764305114746094,0.06704304367303848,169.82460021972656,0.06551732867956161,-3.863772392272949
0.0,0.01,6,46.8975715637207,0.9909769296646118,46.89757537841797,0.9833359718322754,-2.1043169498443604,0.06950729340314865,-0.8739790916442871,0.06863638013601303,168.85035705566406,0.06794119626283646,36.785552978515625
0.0,0.01,7,47.03194046020508,0.991018533706665,47.03194046020508,0.9818047881126404,-2.015141487121582,0.07796768099069595,41.938201904296875,0.06907574087381363,-3.1201090812683105,0.06630255281925201,169.74319458007812
0.0,0.02,0,62.36715316772461,0.9909456372261047,62.36715316772461,0.9780455231666565,-0.9887861013412476,0.07677467912435532,-8.270099639892578,0.07468849420547485,42.76762771606445,0.07360773533582687,168.1381072998047
0.0,0.02,1,68.20005798339844,0.9891761541366577,68.20005798339844,0.9755381941795349,-0.3548801839351654,0.08083341270685196,39.773014068603516,0.0796055942773819,-7.931831359863281,0.06888114660978317,169.29200744628906
0.0,0.02,2,67.67967224121094,0.9889928698539734,67.67967224121094,0.9759475588798523,-0.21218518912792206,0.07774597406387329,43.84275436401367,0.07383352518081665,-9.031938552856445,0.07019657641649246,169.46861267089844
0.0,0.02,3,46.105899810791016,0.9936723709106445,91.87911224365234,0.9910864233970642,46.105899810791016,0.983472466468811,-1.584119200706482,0.07478367537260056,38.173831939697266,0.06474132835865021,-1.4587993621826172
0.0,0.02,4,66.23023223876953,0.9895482063293457,66.23023986816406,0.9765773415565491,-0.6507402658462524,0.07830192893743515,42.62464904785156,0.07829447090625763,-6.570124626159668,0.06971506774425507,167.74594116210938
0.0,0.02,5,57.44395446777344,0.9920302629470825,57.44395446777344,0.9798980355262756,-1.819907546043396,0.0772668644785881,43.356502532958984,0.0757589191198349,-6.133856773376465,0.07505917549133301,165.4865264892578
0.0,0.02,6,65.52010345458984,0.9904385805130005,65.52010345458984,0.9764361381530762,-0.8269565105438232,0.07801756262779236,-7.394559383392334,0.07723718136548996,42.627716064453125,0.07441060245037079,167.01544189453125
0.0,0.02,7,68.7135009765625,0.9885151982307434,68.7135009765625,0.9756215810775757,-0.18800783157348633,0.07884518057107925,44.54676055908203,0.0772920697927475,-8.202686309814453,0.07097597420215607,167.19195556640625
0.0,0.03,0,74.1866226196289,0.9857850074768066,74.1866226196289,0.974719762802124,0.5110785961151123,0.07756655663251877,-8.27708625793457,0.07493017613887787,44.91441345214844,0.07045396417379379,170.46229553222656
0.0,0.03,1,73.63834381103516,0.9860807061195374,73.63834381103516,0.9748970866203308,0.4538789987564087,0.08067569136619568,43.34190368652344,0.07952830940485,-8.702601432800293,0.07094057649374008,170.61917114257812
0.0,0.03,2,73.75679779052734,0.9858201742172241,73.75679779052734,0.9745766520500183,0.3264102637767792,0.08011504262685776,42.92557907104492,0.07710815221071243,-9.07226276397705,0.06817540526390076,166.2908172607422
0.0,0.03,3,73.90577697753906,0.9860696196556091,73.90577697753906,0.9749983549118042,0.3685508072376251,0.08472034335136414,-7.485235214233398,0.07688645273447037,45.76925277709961,0.0711265578866005,167.4300994873047
0.0,0.03,4,73.70872497558594,0.9862043261528015,73.70873260498047,0.974654495716095,0.34132370352745056,0.07894976437091827,-7.950888633728027,0.07774738222360611,42.95069122314453,0.07175768911838531,167.9362030029297
0.0,0.03,5,46.06911849975586,0.9924218654632568,91.81591796875,0.9911280870437622,46.069122314453125,0.9832865595817566,-1.832444190979004,0.07810822129249573,41.129058837890625,0.06754095107316971,-1.8312000036239624
0.0,0.03,6,74.13311004638672,0.9857578873634338,74.13310241699219,0.9746176600456238,0.40307891368865967,0.07911898195743561,43.85426330566406,0.07733163982629776,-8.143845558166504,0.07126221805810928,167.31248474121094
0.0,0.03,7,74.2767333984375,0.9860714673995972,74.2767333984375,0.9746933579444885,0.5082336068153381,0.08184516429901123,43.78547668457031,0.07720973342657089,-8.415934562683105,0.0708930566906929,167.98214721679688
0.05,0.005,0,46.64376449584961,0.990874171257019,46.64376449584961,0.9819661974906921,-1.7830301523208618,0.0767526850104332,40.532501220703125,0.06520546227693558,-4.199305057525635,0.063867948949337,167.7577667236328
0.05,0.005,1,47.203460693359375,0.9909747838973999,47.20346450805664,0.9817888736724854,-2.6785507202148438,0.07751108705997467,39.99256896972656,0.06731440126895905,-4.401961803436279,0.0667373538017273,171.30813598632812
0.05,0.005,2,46.55900955200195,0.9910439848899841,46.55900573730469,0.9819991588592529,-1.9225757122039795,0.0752466544508934,43.71671676635742,0.06739422678947449,168.86575317382812,0.06713704764842987,-3.0734803676605225
0.05,0.005,3,46.60102462768555,0.9911828637123108,46.60102081298828,0.9818565249443054,-1.7613176107406616,0.0753086656332016,41.45016860961914,0.06958799064159393,170.57211303710938,0.0662430077791214,-4.974461555480957
0.05,0.005,4,46.461734771728516,0.9908778071403503,46.461734771728516,0.981958270072937,-1.880141258239746,0.07082833349704742,44.31980895996094,0.06625495851039886,171.0017852783203,0.06616145372390747,-1.857810139656067
0.05,0.005,5,46.53718948364258,0.9910092949867249,46.537193298339844,0.982130229473114,-1.7833290100097656,0.07743710279464722,42.38894271850586,0.06830259412527084,168.5264434814453,0.06526374071836472,-3.5236880779266357
0.05,0.005,6,46.617977142333984,0.9907532930374146,46.617977142333984,0.9815884232521057,-1.8432990312576294,0.07820789515972137,42.71637725830078,0.06733749061822891,165.49993896484375,0.06678861379623413,-4.781862735748291
0.05,0.005,7,46.565093994140625,0.9907291531562805,46.56509017944336,0.9820274710655212,-1.9358190298080444,0.07725824415683746,40.414546966552734,0.06610909104347229,169.4669189453125,0.06441473215818405,-3.131603240966797
0.05,0.01,0,47.12934112548828,0.9909944534301758,47.12933349609375,0.9818181991577148,-1.9151605367660522,0.07591155171394348,43.365936279296875,0.07019922882318497,167.41464233398438,0.06559260934591293,-2.1736528873443604
0.05,0.01,1,47.11383056640625,0.9912054538726807,47.113826751708984,0.9817854762077332,-1.9233052730560303,0.07823609560728073,43.228824615478516,0.0700402483344078,-2.9058148860931396,0.06768164038658142,168.62503051757812
0.05,0.01,2,47.0093879699707,0.9910469651222229,47.0093879699707,0.9832184910774231,-1.9323601722717285,0.08723480254411697,160.3541717529297,0.07881705462932587,39.07020568847656,0.06722059845924377,-1.5385959148406982
0.05,0.01,3,46.94439697265625,0.9909776449203491,46.944393157958984,0.981843888759613,-2.177940845489502,0.076189786195755,42.27839279174805,0.06912706792354584,169.8439178466797,0.06866665184497833,-3.5608625411987305
0.05,0.01,4,46.878578186035156,0.9910650849342346,46.87858200073242,0.9822748303413391,-1.9563311338424683,0.07794921845197678,42.91961669921875,0.0680210217833519,-2.9142632484436035,0.06629572808742523,170.50592041015625
0.05,0.01,5,46.914215087890625,0.9909623265266418,46.914215087890625,0.9815295338630676,-2.164776086807251,0.07750701904296875,42.4882926940918,0.07000413537025452,-1.9031404256820679,0.06482304632663727,167.51991271972656
0.05,0.01,6,47.06096649169922,0.9906452894210815,47.060970306396484,0.9817500710487366,-2.064502239227295,0.07914787530899048,40.69773864746094,0.07003867626190186,-3.131434440612793,0.06753189116716385,167.7281036376953
0.05,0.01,7,47.13652420043945,0.9907678365707397,47.13652420043945,0.981772780418396,-1.9484769105911255,0.07935050129890442,42.61632537841797,0.070402130484581,-2.505824089050293,0.0669742152094841,169.07923889160156
0.05,0.02,0,69.59697723388672,0.9885460138320923,69.59697723388672,0.9751991033554077,-0.20864661037921906,0.08206552267074585,39.18446731567383,0.08006469905376434,-5.76439094543457,0.06918442994356155,167.5505828857422
0.05,0.02,1,70.83792877197266,0.9872127175331116,70.83792877197266,0.9752510190010071,-0.14754393696784973,0.08079934865236282,41.939720153808594,0.07904881983995438,-9.30880069732666,0.07008371502161026,168.11611938476562
0.05,0.02,2,72.76370239257812,0.9861410856246948,72.76370239257812,0.9738582372665405,0.5575399994850159,0.07873021811246872,43.123252868652344,0.0776771605014801,-9.606371879577637,0.07040850073099136,168.97280883789062
0.05,0.02,3,70.05696868896484,0.9878180027008057,70.05697631835938,0.9750747084617615,-0.049957506358623505,0.07897583395242691,-8.957381248474121,0.07668701559305191,39.72731018066406,0.06854641437530518,169.65213012695312
0.05,0.02,4,48.32014465332031,0.9914544820785522,48.32014846801758,0.9833809733390808,-2.8553223609924316,0.07823479175567627,45.934391021728516,0.07417648285627365,166.93023681640625,0.06977339088916779,-3.8506855964660645
0.05,0.02,5,70.38765716552734,0.9874608516693115,70.38765716552734,0.9751075506210327,0.015513217076659203,0.08017641305923462,-8.902984619140625,0.07890676707029343,43.59175491333008,0.0698486715555191,168.51779174804688
0.05,0.02,6,70.50582885742188,0.9875852465629578,70.50582885742188,0.9753271341323853,-0.19336313009262085,0.07750845700502396,-9.307395935058594,0.0768437311053276,42.162532806396484,0.06917602568864822,167.09461975097656
0.05,0.02,7,48.37055969238281,0.991396963596344,48.37055969238281,0.9834362864494324,-2.914290428161621,0.0746479481458664,46.164642333984375,0.07208769023418427,166.08363342285156,0.06880868971347809,-3.3264997005462646
0.05,0.03,0,74.1596908569336,0.9860816597938538,74.1596908569336,0.9746274948120117,0.5591150522232056,0.0777735486626625,-7.900129795074463,0.07556860893964767,42.014835357666016,0.07004130631685257,170.2633056640625
0.05,0.03,1,73.8762435913086,0.986056387424469,73.8762435913086,0.9750238656997681,0.45958876609802246,0.07969558984041214,44.346920013427734,0.07749566435813904,-9.668883323669434,0.07106604427099228,169.3177947998047
0.05,0.03,2,74.65328216552734,0.9857836961746216,74.65328216552734,0.9747529029846191,0.23202462494373322,0.0797613263130188,42.887779235839844,0.07818364351987839,-8.467775344848633,0.07179614901542664,169.3081817626953
0.05,0.03,3,74.591064453125,0.9856141209602356,74.591064453125,0.9746597409248352,0.2908608615398407,0.07663179934024811,-8.350076675415039,0.07538243383169174,44.80712127685547,0.06907140463590622,167.29159545898438
0.05,0.03,4,74.0428695678711,0.985805094242096,74.0428695678711,0.9749411344528198,0.3760311007499695,0.079360730946064,42.61539077758789,0.07828731089830399,-7.361623287200928,0.06955979019403458,168.25918579101562
0.05,0.03,5,74.03202819824219,0.986147940158844,74.03202819824219,0.9745571613311768,0.35516422986984253,0.08030945807695389,45.40806198120117,0.07655073702335358,-8.380537986755371,0.07393104583024979,168.3526153564453
0.05,0.03,6,74.88663482666016,0.9856727719306946,74.88663482666016,0.9746488928794861,0.4101918041706085,0.08037503063678741,46.06230926513672,0.07680347561836243,-6.678282260894775,0.07022861391305923,166.64315795898438
0.05,0.03,7,73.8897933959961,0.9859663248062134,73.8897933959961,0.9746254086494446,0.48940354585647583,0.07958248257637024,-8.670199394226074,0.07919196784496307,44.475929260253906,0.07148804515600204,169.3928680419922
0.1,0.005,0,46.59886169433594,0.9908939003944397,46.59886169433594,0.9819563627243042,-1.7248278856277466,0.07755981385707855,42.1448974609375,0.06773877143859863,-2.555865526199341,0.06540242582559586,170.3767852783203
0.1,0.005,1,46.51425552368164,0.9909986257553101,46.51425552368164,0.9819232225418091,-1.9304522275924683,0.07609706372022629,40.71022415161133,0.06821131706237793,-3.952258348464966,0.06815513968467712,169.13601684570312
0.1,0.005,2,46.604087829589844,0.9916147589683533,46.604087829589844,0.9819485545158386,-1.7338863611221313,0.0866420790553093,131.47579956054688,0.07749617099761963,40.170406341552734,0.06522030383348465,170.14273071289062
0.1,0.005,3,47.86582565307617,0.9908967018127441,47.86582565307617,0.982251763343811,-4.21097469329834,0.08037305623292923,44.99329376220703,0.07135972380638123,-4.73607063293457,0.06900594383478165,170.3144989013672
0.1,0.005,4,46.493595123291016,0.9914951920509338,46.493595123291016,0.9823213815689087,-1.7542543411254883,0.06772945821285248,-2.025475025177002,0.0673864558339119,42.48341751098633,0.0646580383181572,170.85853576660156
0.1,0.005,5,46.4249267578125,0.9911906719207764,46.424922943115234,0.9835529923439026,-1.7885760068893433,0.07821780443191528,42.17778015136719,0.06900196522474289,-2.4744644165039062,0.06540629267692566,170.59130859375
0.1,0.005,6,46.709266662597656,0.9914039969444275,46.709266662597656,0.9823768734931946,-1.878679633140564,0.33676156401634216,-86.22522735595703,0.06874124705791473,40.637794494628906,0.06831802427768707,-0.7035545706748962
0.1,0.005,7,46.54948425292969,0.9908611178398132,46.54948806762695,0.9819698929786682,-1.9421508312225342,0.07684583961963654,41.0791130065918,0.06583848595619202,169.93609619140625,0.0650930181145668,-2.7829439640045166
0.1,0.01,0,62.1879997253418,0.9913280606269836,62.1879997253418,0.9769564867019653,-1.6809266805648804,0.0835035964846611,-8.724176406860352,0.08012694865465164,42.75047302246094,0.06900982558727264,167.37245178222656
0.1,0.01,1,47.35591125488281,0.9914087057113647,47.35590744018555,0.984309732913971,-6.776759147644043,0.08421695232391357,47.76530456542969,0.06962620466947556,169.2665252685547,0.06753630936145782,-2.070509672164917
0.1,0.01,2,47.085636138916016,0.9908043742179871,47.085636138916016,0.9818964600563049,-1.9611366987228394,0.076998271048069,41.970314025878906,0.06973525136709213,168.65884399414062,0.06745178252458572,-0.6120859980583191
0.1,0.01,3,46.95064926147461,0.9907764792442322,46.95064926147461,0.9820663928985596,-2.0902822017669678,0.07230927795171738,45.000064849853516,0.0685417428612709,-1.2017184495925903,0.06840736418962479,169.00057983398438
0.1,0.01,4,46.96674346923828,0.9910778999328613,46.96674346923828,0.9826147556304932,-1.8019543886184692,0.09879160672426224,-130.05502319335938,0.07914507389068604,40.74620056152344,0.06428583711385727,-2.4544928073883057
0.1,0.01,5,47.11148452758789,0.9909442067146301,47.11148452758789,0.9820141792297363,-1.841266393661499,0.07216963917016983,41.899009704589844,0.07031559199094772,168.8717803955078,0.06616928428411484,-3.0021681785583496
0.1,0.01,6,46.96479034423828,0.9909224510192871,46.964786529541016,0.9819821715354919,-2.163550615310669,0.07685970515012741,43.89333724975586,0.06520005315542221,-1.6178234815597534,0.06518983840942383,167.69158935546875
0.1,0.01,7,46.99135208129883,0.9909295439720154,46.99135208129883,0.9821550250053406,-2.061507225036621,0.07671678811311722,41.46695327758789,0.0665077269077301,168.9321746826172,0.06432774662971497,161.3548583984375
0.1,0.02,0,47.86947250366211,0.991533100605011,47.86947250366211,0.98385089635849,-2.9811794757843018,0.07958368211984634,45.697418212890625,0.07440926879644394,166.34042358398438,0.06890882551670074,159.6458282470703
0.1,0.02,1,68.34608459472656,0.9890311360359192,68.34608459472656,0.97579425573349,-0.29599711298942566,0.0786026120185852,-8.210593223571777,0.06974094361066818,41.06584167480469,0.06873451173305511,168.48214721679688
0.1,0.02,2,72.48468780517578,0.9862210750579834,72.48468780517578,0.974977970123291,-0.23657988011837006,0.08142350614070892,-6.8037109375,0.07815966010093689,42.390647888183594,0.06766240298748016,162.50161743164062
0.1,0.02,3,48.92223358154297,0.9914275407791138,48.92223358154297,0.9831746220588684,-2.8493781089782715,0.07995662093162537,44.130550384521484,0.07180585712194443,167.0637664794922,0.06967803835868835,159.9930877685547
0.1,0.02,4,68.47361755371094,0.9888298511505127,68.47361755371094,0.9757730960845947,-0.3944101333618164,0.07694420963525772,-9.237457275390625,0.07132502645254135,40.014671325683594,0.07078839838504791,168.7981719970703
0.1,0.02,5,73.0641860961914,0.9859023094177246,73.0641860961914,0.9732677936553955,0.4987228214740753,0.0841028168797493,41.085052490234375,0.07662171125411987,-9.174528121948242,0.06706614792346954,161.3585662841797
0.1,0.02,6,48.99888610839844,0.9910717606544495,48.99888229370117,0.9828386306762695,-2.7893736362457275,0.07293505221605301,-3.5953288078308105,0.07258635014295578,165.89892578125,0.07035362720489502,44.83746337890625
0.1,0.02,7,72.65808868408203,0.9864481091499329,72.65808868408203,0.973747968673706,0.42342332005500793,0.07923756539821625,-9.594583511352539,0.07854164391756058,40.415077209472656,0.06985802203416824,169.35116577148438
0.1,0.03,0,75.40413665771484,0.9851550459861755,75.40413665771484,0.9745103716850281,0.22356942296028137,0.08055379241704941,-8.315356254577637,0.07620533555746078,42.734588623046875,0.0730571448802948,166.61111450195312
0.1,0.03,1,74.1639175415039,0.98592609167099,74.1639175415039,0.974944531917572,0.4757450520992279,0.08175946772098541,-8.7222318649292,0.08012256026268005,42.09285354614258,0.07264259457588196,168.5431365966797
0.1,0.03,2,75.4842758178711,0.985178530216217,75.4842758178711,0.9744328856468201,0.32928577065467834,0.07973015308380127,44.707763671875,0.07825782895088196,-8.562698364257812,0.07130849361419678,167.5615692138672
0.1,0.03,3,73.6850357055664,0.9860954284667969,73.68502807617188,0.9745532274246216,0.5258188247680664,0.0750255212187767,-9.781052589416504,0.07461272925138474,42.843170166015625,0.06742601096630096,167.5724334716797
0.1,0.03,4,75.6268310546875,0.9854319095611572,75.6268310546875,0.9745347499847412,0.3895704448223114,0.08312785625457764,43.53788757324219,0.07775650173425674,-7.022719383239746,0.07011713832616806,169.35987854003906
0.1,0.03,5,75.42143249511719,0.9853249788284302,75.42143249511719,0.9747980833053589,0.19254007935523987,0.08122193068265915,-7.217007637023926,0.07268214225769043,41.845237731933594,0.07055623084306717,167.6735382080078
0.1,0.03,6,73.65580749511719,0.9861159324645996,73.65579986572266,0.9750314354896545,0.37777137756347656,0.08139937371015549,43.29948043823242,0.07884244620800018,-8.975369453430176,0.0687042623758316,169.0856475830078
0.1,0.03,7,74.2817611694336,0.985747754573822,74.2817611694336,0.9748392701148987,0.45326507091522217,0.07993166148662567,44.6640510559082,0.0751463770866394,-9.477046966552734,0.0690440982580185,168.07186889648438
0.25,0.005,0,46.532958984375,0.991233229637146,46.532962799072266,0.9819827079772949,-1.74312424659729,0.06804802268743515,169.97769165039062,0.06765525788068771,-4.1642327308654785,0.0639379471540451,43.91105270385742
0.25,0.005,1,46.603755950927734,0.9910252690315247,46.60375213623047,0.9820411205291748,-1.7943837642669678,0.07721901684999466,41.05591583251953,0.06748601049184799,167.80551147460938,0.058821674436330795,-3.8623955249786377
0.25,0.005,2,46.6884880065918,0.9909008741378784,46.6884880065918,0.9822642207145691,-1.6992886066436768,0.0772942453622818,42.62129592895508,0.06746327131986618,170.76109313964844,0.06475526094436646,-2.9793267250061035
0.25,0.005,3,67.1500244140625,0.988459050655365,67.1500244140625,0.9759479761123657,-1.7617058753967285,0.08103611320257187,-9.439186096191406,0.0688491016626358,39.494056701660156,0.06774339079856873,167.08010864257812
0.25,0.005,4,46.50056076049805,0.99086594581604,46.50056076049805,0.9826549887657166,-1.8098784685134888,0.07751717418432236,41.196773529052734,0.06131083145737648,166.85531616210938,0.06126291677355766,-3.647726535797119
0.25,0.005,5,46.626373291015625,0.9909374117851257,46.62637710571289,0.9817138910293579,-1.6129461526870728,0.06970898061990738,-3.6127781867980957,0.06578558683395386,170.39776611328125,0.06323804706335068,43.31111526489258
0.25,0.005,6,46.54322814941406,0.9912263751029968,46.54322814941406,0.9820348620414734,-1.7825462818145752,0.0792621374130249,42.95247268676758,0.06948025524616241,-2.701286554336548,0.06526476889848709,169.74729919433594
0.25,0.005,7,66.16424560546875,0.9902982711791992,66.16423797607422,0.9768988490104675,-1.9567303657531738,0.21221378445625305,-145.81463623046875,0.08043874055147171,-5.211489200592041,0.07368222624063492,36.34823989868164
0.25,0.01,0,46.928104400634766,0.9908648729324341,46.928104400634766,0.9816874265670776,-2.0831425189971924,0.06961875408887863,-2.2019150257110596,0.06829701364040375,168.86520385742188,0.06157191842794418,42.054046630859375
0.25,0.01,1,46.94587326049805,0.9910088181495667,46.94588088989258,0.9832889437675476,-1.9510467052459717,0.11883588135242462,-154.8418731689453,0.0773673728108406,40.99977111816406,0.06868406385183334,169.34324645996094
0.25,0.01,2,46.98848342895508,0.9911442399024963,46.98848342895508,0.9832373857498169,-1.9074784517288208,0.07721555233001709,42.63539505004883,0.06468956172466278,-1.4251924753189087,0.06226518377661705,166.90518188476562
0.25,0.01,3,47.05691909790039,0.991157054901123,47.05691909790039,0.9817358255386353,-1.9914315938949585,0.07815320044755936,42.13786697387695,0.0696800947189331,-2.703603982925415,0.06693921983242035,167.8173065185547
0.25,0.01,4,71.3617935180664,0.9863877892494202,71.3617935180664,0.9746361374855042,-0.9212687611579895,0.07792049646377563,-8.547697067260742,0.07611316442489624,42.466983795166016,0.06941817700862885,167.1356658935547
0.25,0.01,5,70.38865661621094,0.9878518581390381,70.3886489868164,0.9760842323303223,-1.2287620306015015,0.12161277234554291,-78.63052368164062,0.08001448959112167,-6.213444232940674,0.07127315551042557,168.18186950683594
0.25,0.01,6,47.078853607177734,0.9908280968666077,47.078853607177734,0.9818467497825623,-2.215848207473755,0.08084788173437119,40.51482391357422,0.0718839168548584,167.9782257080078,0.07095405459403992,-0.4948175847530365
0.25,0.01,7,47.08872985839844,0.9909644722938538,47.08872985839844,0.9820387959480286,-1.9743460416793823,0.07449782639741898,44.099205017089844,0.06899472326040268,-1.4355093240737915,0.0649016946554184,168.96519470214844
0.25,0.02,0,69.88260650634766,0.9880449175834656,69.88260650634766,0.9752244353294373,-0.1121300682425499,0.08325281739234924,40.894691467285156,0.08191227912902832,-7.0697922706604,0.06923277676105499,167.14666748046875
0.25,0.02,1,72.0788345336914,0.9872605800628662,72.0788345336914,0.9744523167610168,0.26666226983070374,0.08444381505250931,-7.419601917266846,0.07060176879167557,167.57989501953125,0.06530587375164032,36.42824172973633
0.25,0.02,2,74.89506530761719,0.9851238131523132,74.89506530761719,0.9743961691856384,-0.2533402442932129,0.08074398338794708,43.11391830444336,0.0796758383512497,-7.892768859863281,0.07217894494533539,167.7353057861328
0.25,0.02,3,48.47178649902344,0.9914503693580627,48.47178649902344,0.9835566282272339,-2.947744131088257,0.0749574676156044,46.29806137084961,0.0713634341955185,165.17935180664062,0.06975395232439041,-5.5558762550354
0.25,0.02,4,66.5935287475586,0.9895020127296448,66.5935287475586,0.9768393039703369,-0.5361320972442627,0.07744150608778,44.05284881591797,0.06841366738080978,168.7151336669922,0.06700338423252106,-8.987462043762207
0.25,0.02,5,75.04945373535156,0.9851412177085876,75.04945373535156,0.9733157157897949,0.8615544438362122,0.08254319429397583,42.339080810546875,0.07345972210168839,-10.428739547729492,0.06493531167507172,170.62112426757812
0.25,0.02,6,66.703125,0.9896153807640076,66.70313262939453,0.9765114188194275,-0.2835901379585266,0.0736289918422699,-9.02342414855957,0.0688905268907547,168.8800811767578,0.06668012589216232,162.0978240966797
0.25,0.02,7,75.02141571044922,0.9852824807167053,75.02141571044922,0.9744483828544617,-0.5202624201774597,0.08029966801404953,42.36527633666992,0.08026594668626785,-7.119411945343018,0.06870643049478531,167.03829956054688
0.25,0.03,0,73.77474975585938,0.9859656691551208,73.77474212646484,0.9748994708061218,0.5127986073493958,0.0815635547041893,43.249149322509766,0.0799584686756134,-6.991889476776123,0.06930442154407501,168.43875122070312
0.25,0.03,1,73.98371887207031,0.9859246611595154,73.98371887207031,0.9747859835624695,0.4843258857727051,0.08039312809705734,-8.117664337158203,0.0698607936501503,168.38218688964844,0.06605812162160873,162.2518310546875
0.25,0.03,2,76.7739486694336,0.9846723675727844,76.7739486694336,0.9740074276924133,-0.1288115680217743,0.08238889276981354,42.157432556152344,0.0717429518699646,166.76893615722656,0.07153517752885818,-7.900769233703613
0.25,0.03,3,74.16967010498047,0.9861253499984741,74.16967010498047,0.9748463034629822,0.41171926259994507,0.07931775599718094,-9.129498481750488,0.06890872120857239,168.32296752929688,0.06678560376167297,36.42235565185547
0.25,0.03,4,76.93174743652344,0.9846611022949219,76.93174743652344,0.9740486145019531,-0.133069708943367,0.08182098716497421,43.29541015625,0.07861433923244476,-8.154803276062012,0.06822559982538223,168.74966430664062
0.25,0.03,5,73.93973541259766,0.9861881136894226,73.93973541259766,0.9747193455696106,0.4450727105140686,0.07999293506145477,44.51993179321289,0.07042521983385086,170.1339111328125,0.06988804042339325,-7.709805965423584
0.25,0.03,6,77.13591003417969,0.9849092364311218,77.13591003417969,0.9741283059120178,0.06597485393285751,0.0798414945602417,45.254981994628906,0.07924143970012665,-8.314881324768066,0.07696670293807983,166.95172119140625
0.25,0.03,7,76.91272735595703,0.9845434427261353,76.91272735595703,0.9743357300758362,-0.05258200690150261,0.07852207869291306,-7.280622959136963,0.07444483041763306,40.63029861450195,0.06942518055438995,166.87501525878906
0.5,0.005,0,46.50389862060547,0.9915909171104431,46.50390625,0.9826856255531311,-1.9676116704940796,0.21724875271320343,87.7942123413086,0.06503003090620041,0.08190803974866867,0.061635419726371765,167.80279541015625
0.5,0.005,1,46.60780334472656,0.9911232590675354,46.60780715942383,0.9825679063796997,-1.5152169466018677,0.15795809030532837,49.49031448364258,0.06786370277404785,167.48370361328125,0.06520620733499527,-3.133748769760132
0.5,0.005,2,75.03462982177734,0.987014889717102,75.03462982177734,0.9748528599739075,-0.8345189690589905,0.07743005454540253,41.377166748046875,0.06561736762523651,-11.391305923461914,0.06474404036998749,167.64236450195312
0.5,0.005,3,46.59139633178711,0.9911396503448486,46.59139633178711,0.9822925925254822,-1.7414491176605225,0.07029921561479568,-2.153191089630127,0.06658080965280533,169.16761779785156,0.05784882605075836,160.88125610351562
0.5,0.005,4,46.53409957885742,0.9908954501152039,46.53409957885742,0.98199862241745,-1.7302191257476807,0.07754290103912354,40.09701919555664,0.06856048852205276,-1.0695068836212158,0.06589101254940033,169.96971130371094
0.5,0.005,5,46.550479888916016,0.9907146096229553,46.550479888916016,0.9825424551963806,-1.9016258716583252,0.06585490703582764,-2.1020922660827637,0.06475235521793365,168.12139892578125,0.05754583701491356,163.0289764404297
0.5,0.005,6,46.59885025024414,0.9911702275276184,46.598854064941406,0.9819786548614502,-1.810814619064331,0.07615248113870621,40.517303466796875,0.07103495299816132,169.0150604248047,0.06260865181684494,-1.6877411603927612
0.5,0.005,7,46.49449157714844,0.9910009503364563,46.49449157714844,0.9827929139137268,-1.905181884765625,0.08283630758523941,39.99814987182617,0.06944964081048965,-2.8838157653808594,0.06619036942720413,168.7251739501953
0.5,0.01,0,46.95578384399414,0.9910098314285278,46.95578384399414,0.9820111989974976,-2.0097503662109375,0.07295040786266327,45.58279037475586,0.07275818288326263,-1.023458480834961,0.06942164152860641,170.21768188476562
0.5,0.01,1,46.97016143798828,0.9904940128326416,46.97016143798828,0.981923520565033,-2.1034703254699707,0.07659130543470383,42.56234359741211,0.06711947172880173,167.42333984375,0.06416747719049454,-3.779916763305664
0.5,0.01,2,46.82950973510742,0.991325318813324,46.82951354980469,0.983050525188446,-2.08632493019104,0.10995504260063171,-33.83643341064453,0.07860904932022095,41.50974655151367,0.056656599044799805,170.5884552001953
0.5,0.01,3,46.78811264038086,0.9907885193824768,46.78811264038086,0.9819020628929138,-2.0109431743621826,0.07182498276233673,168.5021514892578,0.07055166363716125,45.550472259521484,0.060634419322013855,162.63784790039062
0.5,0.01,4,47.229732513427734,0.9908683896064758,47.229732513427734,0.9820759892463684,-1.9940075874328613,0.08263646066188812,40.62846755981445,0.06944587826728821,167.93792724609375,0.06907007098197937,-2.003591537475586
0.5,0.01,5,47.11296844482422,0.991058349609375,47.11296463012695,0.9827635884284973,-2.018758773803711,0.07501699030399323,43.62991714477539,0.07052262127399445,-3.2404441833496094,0.06429631263017654,169.6043243408203
0.5,0.01,6,75.74894714355469,0.9844897985458374,75.74894714355469,0.9734233021736145,-0.9014157056808472,0.08573702722787857,-7.457712650299072,0.0732276439666748,167.7910614013672,0.0669543519616127,34.504947662353516
0.5,0.01,7,75.59508514404297,0.9844062924385071,75.59508514404297,0.9733489751815796,-1.070439338684082,0.0847768485546112,-7.4296722412109375,0.06828561425209045,36.511287689208984,0.0671166330575943,166.27957153320312
0.5,0.02,0,66.33148193359375,0.9903678297996521,66.33148193359375,0.9801192283630371,-0.39094215631484985,0.07374372333288193,-2.4987988471984863,0.06283927708864212,-170.50405883789062,0.060679007321596146,-9.719392776489258
0.5,0.02,1,82.33649444580078,0.9766804575920105,82.33649444580078,0.970438539981842,2.7313663959503174,0.07697656750679016,47.41938018798828,0.06541839241981506,169.34658813476562,0.06400969624519348,-15.272053718566895
0.5,0.02,2,63.50148391723633,0.9911073446273804,63.50149154663086,0.9777005910873413,-1.0111619234085083,0.08496968448162079,-6.290289878845215,0.07579558342695236,43.65292739868164,0.07578758150339127,166.37660217285156
0.5,0.02,3,75.99906921386719,0.9840978980064392,75.99906921386719,0.9731644988059998,1.0306081771850586,0.07968274503946304,-8.846575736999512,0.07883535325527191,42.247047424316406,0.0648145005106926,-15.496721267700195
0.5,0.02,4,77.2027359008789,0.984359860420227,77.20274353027344,0.973619282245636,-0.7413199543952942,0.0811409130692482,-7.308792591094971,0.080464206635952,43.895442962646484,0.07235346734523773,167.4556884765625
0.5,0.02,5,67.88264465332031,0.9889949560165405,67.88264465332031,0.9763047099113464,-0.2894473373889923,0.07977122068405151,42.01752471923828,0.0793955996632576,-7.525167942047119,0.07003381103277206,169.81915283203125
0.5,0.02,6,66.68901824951172,0.9898074269294739,66.68901824951172,0.9768849015235901,-0.4910261332988739,0.07963748276233673,-6.51115608215332,0.0769178494811058,41.615962982177734,0.06940699368715286,162.8026885986328
0.5,0.02,7,77.10917663574219,0.9841338396072388,77.10917663574219,0.9739808440208435,-0.8236612677574158,0.08218538761138916,43.10243225097656,0.0814509391784668,-8.070480346679688,0.06928238272666931,166.68003845214844
0.5,0.03,0,73.57410430908203,0.9868493676185608,73.5740966796875,0.9744409918785095,0.506631076335907,0.1441868394613266,-152.48028564453125,0.07902444154024124,-6.7196364402771,0.06360673159360886,165.83737182617188
0.5,0.03,1,78.81424713134766,0.9838824272155762,78.81424713134766,0.9739916920661926,-0.28001847863197327,0.07915768027305603,-6.800525188446045,0.06894651800394058,166.3322296142578,0.06735029816627502,38.55128479003906
0.5,0.03,2,74.30899810791016,0.9858623147010803,74.30900573730469,0.9748279452323914,0.661037027835846,0.07904176414012909,-7.2989501953125,0.06553447991609573,160.0941162109375,0.06490017473697662,169.28575134277344
0.5,0.03,3,78.63798522949219,0.9849382638931274,78.63798522949219,0.9729814529418945,-0.41953349113464355,0.08019766211509705,-8.647334098815918,0.07895251363515854,38.00031280517578,0.06541223078966141,163.35858154296875
0.5,0.03,4,74.21354675292969,0.986121416091919,74.21354675292969,0.9749962687492371,0.3653585910797119,0.08042766153812408,-6.926613807678223,0.07289023697376251,164.83909606933594,0.06448333710432053,161.3173828125
0.5,0.03,5,73.98912811279297,0.9860581755638123,73.98912811279297,0.9752860069274902,0.47422078251838684,0.07798858731985092,-9.349165916442871,0.0775667130947113,43.99945831298828,0.07081909477710724,168.25035095214844
0.5,0.03,6,74.22801208496094,0.9858013987541199,74.22801208496094,0.9754855632781982,0.6048775911331177,0.08425784111022949,42.501068115234375,0.0830758735537529,-6.794988632202148,0.06716505438089371,168.97926330566406
0.5,0.03,7,74.10172271728516,0.9859038591384888,74.10172271728516,0.9753341674804688,0.48160386085510254,0.08101216703653336,42.558528900146484,0.08060058951377869,-7.386743068695068,0.07032918184995651,169.47715759277344
1.0,0.005,0,46.54322814941406,0.991270124912262,46.54322814941406,0.9824146032333374,-1.7473000288009644,0.06244881823658943,169.217529296875,0.057126034051179886,-7.340731143951416,0.05630616843700409,159.6352996826172
1.0,0.005,1,46.50946044921875,0.9909645318984985,46.50946044921875,0.9824267029762268,-2.010801076889038,0.07132093608379364,45.64697265625,0.07113562524318695,171.73558044433594,0.06875748932361603,-2.449617624282837
1.0,0.005,2,46.46648406982422,0.9909393787384033,46.46648406982422,0.9833584427833557,-1.8298606872558594,0.07195138931274414,-3.8925962448120117,0.06937026232481003,169.08351135253906,0.05830651894211769,-8.23991870880127
1.0,0.005,3,46.624977111816406,0.9907745718955994,46.624977111816406,0.9820231795310974,-1.7608110904693604,0.07087615877389908,170.01902770996094,0.06690613925457001,47.30644607543945,0.05444268509745598,161.8711700439453
1.0,0.005,4,46.50360870361328,0.9911856055259705,46.50360870361328,0.9827342629432678,-1.8128923177719116,0.08074232190847397,41.12843322753906,0.06952981650829315,167.149169921875,0.06880727410316467,-0.34163975715637207
1.0,0.005,5,46.45876693725586,0.9910160303115845,46.458763122558594,0.9825396537780762,-1.8261812925338745,0.07224427908658981,44.663414001464844,0.06953282654285431,-5.289240837097168,0.06355806440114975,173.50587463378906
1.0,0.005,6,46.45020294189453,0.9910845160484314,46.45020294189453,0.9824361801147461,-1.7222131490707397,0.08089715987443924,39.95817184448242,0.06321466714143753,168.3579559326172,0.05612654983997345,29.110965728759766
1.0,0.005,7,46.11400604248047,0.9950581192970276,91.65829467773438,0.9911065697669983,46.114013671875,0.9826409220695496,-1.6064764261245728,0.07764942944049835,38.60551452636719,0.0682477355003357,-2.8713085651397705
1.0,0.01,0,46.995243072509766,0.9908162951469421,46.995243072509766,0.982447624206543,-2.071845054626465,0.07989607751369476,42.13334274291992,0.0688696876168251,-1.518136978149414,0.06308592855930328,165.31423950195312
1.0,0.01,1,46.98108673095703,0.9912675619125366,46.98108673095703,0.981807291507721,-1.8543312549591064,0.06674101203680038,49.197296142578125,0.06635452806949615,1.080139398574829,0.0637035220861435,169.15414428710938
1.0,0.01,2,46.99922561645508,0.9912968873977661,46.99922180175781,0.9825518727302551,-1.763613224029541,0.07996482402086258,39.430999755859375,0.0637759193778038,166.79638671875,0.05854860693216324,161.99557495117188
1.0,0.01,3,78.22876739501953,0.9825623631477356,78.22876739501953,0.972665011882782,-1.4598397016525269,0.08122842013835907,41.92921829223633,0.07172249257564545,166.97723388671875,0.060269393026828766,-11.693452835083008
1.0,0.01,4,46.97458267211914,0.9907971620559692,46.974578857421875,0.9826638698577881,-2.1285362243652344,0.08268328756093979,40.33080291748047,0.07340358197689056,-1.0995440483093262,0.06451685726642609,170.10934448242188
1.0,0.01,5,78.43685913085938,0.9836798906326294,78.43685913085938,0.9736936092376709,-1.4807565212249756,0.07913410663604736,43.34391403198242,0.07830824702978134,-8.349448204040527,0.07303164154291153,165.72247314453125
1.0,0.01,6,47.064640045166016,0.9908604621887207,47.064640045166016,0.9820455312728882,-1.897257924079895,0.07252562046051025,168.38796997070312,0.05874336510896683,161.0413818359375,0.053111568093299866,31.928508758544922
1.0,0.01,7,47.01548385620117,0.9911854863166809,47.01548385620117,0.9820302128791809,-1.7718013525009155,0.07984192669391632,40.36820983886719,0.06919650733470917,169.4795684814453,0.057071082293987274,161.2674560546875
1.0,0.02,0,69.66786193847656,0.98857581615448,69.66786193847656,0.9757874608039856,-0.041701789945364,0.0800250917673111,-6.506644248962402,0.07593947649002075,168.2122039794922,0.07164967805147171,48.2140007019043
1.0,0.02,1,68.30570983886719,0.988621175289154,68.30570220947266,0.9762214422225952,-0.037683431059122086,0.07954742759466171,41.21281051635742,0.07792188227176666,-9.087187767028809,0.07419994473457336,170.42575073242188
1.0,0.02,2,68.22650909423828,0.9893203973770142,68.22650909423828,0.976786732673645,-0.2423516809940338,0.0804147720336914,41.21376419067383,0.06347141414880753,-11.804593086242676,0.062407881021499634,161.5774383544922
1.0,0.02,3,79.56383514404297,0.9828223586082458,79.56383514404297,0.9732803702354431,-1.0131938457489014,0.08279868960380554,41.7248649597168,0.06636150926351547,167.108154296875,0.06113746389746666,-11.187292098999023
1.0,0.02,4,64.6025619506836,0.9906510710716248,64.6025619506836,0.9780382513999939,-0.7492389678955078,0.07501877099275589,43.22993087768555,0.0683281272649765,162.51483154296875,0.06831240653991699,168.14109802246094
1.0,0.02,5,67.07025909423828,0.9895199537277222,67.07025909423828,0.9767255187034607,-0.36438894271850586,0.07887150347232819,-8.216865539550781,0.07728097587823868,44.59653091430664,0.07547338306903839,168.9220733642578
1.0,0.02,6,70.67210388183594,0.9875128269195557,70.67210388183594,0.9750066995620728,0.32797807455062866,0.08068838715553284,42.662166595458984,0.07841505110263824,-10.00163459777832,0.06766713410615921,168.2649688720703
1.0,0.02,7,79.57292938232422,0.9829155802726746,79.57292938232422,0.97348552942276,-1.0350090265274048,0.0862339660525322,-6.031398773193359,0.06784717738628387,165.87466430664062,0.06525056064128876,31.14955711364746
1.0,0.03,0,74.33536529541016,0.9862626194953918,74.33536529541016,0.9756008982658386,0.5802435874938965,0.08079458028078079,-8.632213592529297,0.06575781106948853,171.29598999023438,0.062960185110569,160.3347930908203
1.0,0.03,1,73.9636459350586,0.9863340854644775,73.96363830566406,0.9753937125205994,0.653266966342926,0.07601206749677658,46.98094940185547,0.06602086871862411,-13.328924179077148,0.06269330531358719,168.03736877441406
1.0,0.03,2,74.03643035888672,0.9860091805458069,74.03643035888672,0.975226640701294,0.4019928574562073,0.085898756980896,-8.12670612335205,0.06961190700531006,168.5246124267578,0.0631900355219841,161.2490692138672
1.0,0.03,3,73.70001220703125,0.9866172075271606,73.70001220703125,0.9755233526229858,0.4787953495979309,0.08495935052633286,40.40586471557617,0.08156777918338776,-6.956517696380615,0.06994327157735825,166.41795349121094
1.0,0.03,4,80.6031494140625,0.9829177260398865,80.6031494140625,0.9730099439620972,-0.7951266765594482,0.08309786766767502,42.962520599365234,0.07340531796216965,166.02890014648438,0.0626450851559639,161.66952514648438
1.0,0.03,5,80.452880859375,0.9839856028556824,80.45287322998047,0.9729527831077576,-0.7835034132003784,0.09442432969808578,59.218807220458984,0.0844152420759201,42.0620002746582,0.08248487859964371,-6.009437084197998
1.0,0.03,6,74.00032806396484,0.9864985346794128,74.00032806396484,0.9747744798660278,0.513350248336792,0.0821816697716713,-7.365943431854248,0.07954586297273636,41.62583541870117,0.06746558845043182,166.96926879882812
1.0,0.03,7,74.04317474365234,0.9862584471702576,74.04317474365234,0.975831925868988,0.4735412895679474,0.08114545792341232,-6.871638298034668,0.08007831126451492,43.29580307006836,0.0736224353313446,168.28704833984375
2.0,0.005,0,46.3576774597168,0.9918932318687439,46.3576774597168,0.9838939309120178,-1.7541075944900513,0.17083141207695007,-124.02705383300781,0.08830777555704117,37.365257263183594,0.06665705144405365,0.6827226281166077
2.0,0.005,1,46.53282928466797,0.9913827180862427,46.5328369140625,0.9833914637565613,-1.806421160697937,0.08229328691959381,40.046470642089844,0.0688023567199707,-4.661348342895508,0.06108764186501503,168.42433166503906
2.0,0.005,2,46.41189956665039,0.9908990263938904,46.411903381347656,0.9830755591392517,-1.910794734954834,0.08177963644266129,37.93730163574219,0.07069191336631775,-2.2482783794403076,0.06544141471385956,172.8007354736328
2.0,0.005,3,46.588321685791016,0.9910584688186646,46.588321685791016,0.9821252822875977,-1.9190274477005005,0.06922205537557602,-3.884047269821167,0.06591863930225372,52.850685119628906,0.06104704365134239,170.56781005859375
2.0,0.005,4,46.56354522705078,0.9909982085227966,46.56354522705078,0.9834567904472351,-1.9034721851348877,0.07241854071617126,-1.6990830898284912,0.06599758565425873,47.1603889465332,0.06066069006919861,169.9552001953125
2.0,0.005,5,46.53553009033203,0.9910784363746643,46.53553009033203,0.9832053780555725,-1.7501282691955566,0.07327238470315933,167.69732666015625,0.07280664145946503,-1.978407859802246,0.05430951341986656,161.18719482421875
2.0,0.005,6,46.526309967041016,0.9914010763168335,46.526309967041016,0.9836152195930481,-1.4531110525131226,0.16423453390598297,110.22537231445312,0.0807190015912056,38.1104736328125,0.06819974631071091,-3.5042123794555664
2.0,0.005,7,46.52446746826172,0.9910650253295898,46.52446746826172,0.9831916689872742,-1.739440679550171,0.07074562460184097,-2.0941696166992188,0.06701647490262985,168.31375122070312,0.06444693356752396,52.565372467041016
2.0,0.01,0,47.06133270263672,0.9910419583320618,47.06133270263672,0.9824944138526917,-1.9986345767974854,0.08012060821056366,42.03900909423828,0.0716286301612854,1.4273821115493774,0.07089325040578842,169.71630859375
2.0,0.01,1,48.304351806640625,0.9861916303634644,48.304351806640625,0.9841466546058655,-35.024471282958984,0.09356013685464859,45.968650817871094,0.07437120378017426,-2.879537343978882,0.07152163982391357,72.77086639404297
2.0,0.01,2,80.9144515991211,0.981580376625061,80.9144515991211,0.9723408222198486,-1.7437386512756348,0.08443861454725266,-5.12248420715332,0.06468123942613602,-9.743474006652832,0.06367210298776627,161.58445739746094
2.0,0.01,3,46.74024963378906,0.9908288717269897,46.74024963378906,0.9834793210029602,-1.9805190563201904,0.08484754711389542,38.27640914916992,0.07385202497243881,169.8889923095703,0.07060012221336365,-2.5843746662139893
2.0,0.01,4,47.070621490478516,0.991400957107544,47.070621490478516,0.9823128581047058,-2.1337146759033203,0.08178096264600754,39.194374084472656,0.07147563993930817,0.9594222903251648,0.06392867118120193,168.49423217773438
2.0,0.01,5,46.933197021484375,0.9906539916992188,46.933204650878906,0.9822167158126831,-1.974473237991333,0.08268718421459198,41.82404327392578,0.06643480062484741,-1.4597702026367188,0.06098812445998192,168.89669799804688
2.0,0.01,6,47.01968002319336,0.9908846020698547,47.019676208496094,0.9824776649475098,-1.9356151819229126,0.0798211395740509,41.35398864746094,0.06928405910730362,0.4299527406692505,0.06435796618461609,167.1493377685547
2.0,0.01,7,46.809181213378906,0.9908539056777954,46.809181213378906,0.9839286208152771,-1.8714878559112549,0.2142217755317688,-90.88648223876953,0.06883108615875244,-1.278954267501831,0.06600620597600937,48.11021041870117
2.0,0.02,0,72.05532836914062,0.9876837134361267,72.05532836914062,0.9760863780975342,0.24140606820583344,0.08236252516508102,37.752838134765625,0.08138486742973328,-7.502657413482666,0.07242873311042786,167.47006225585938
2.0,0.02,1,70.4107437133789,0.9880474805831909,70.4107437133789,0.9759740233421326,0.1862746924161911,0.07061199843883514,46.4404411315918,0.06518000364303589,168.17822265625,0.06484731286764145,-12.388059616088867
2.0,0.02,2,66.4462661743164,0.9904150366783142,66.4462661743164,0.9770232439041138,-0.3457169830799103,0.08273348957300186,-4.919960975646973,0.07585589587688446,170.3742218017578,0.06815148144960403,45.98039627075195
2.0,0.02,3,69.77977752685547,0.9886993169784546,69.77978515625,0.9749237895011902,0.11371929943561554,0.08403582125902176,41.47229766845703,0.07750725001096725,167.0003662109375,0.0624861866235733,160.80653381347656
2.0,0.02,4,47.754268646240234,0.991500735282898,47.75426483154297,0.9846493601799011,-2.7084014415740967,0.08135155588388443,41.126155853271484,0.07157785445451736,-1.972963809967041,0.06639134138822556,166.51878356933594
2.0,0.02,5,70.27066040039062,0.9879773855209351,70.27066040039062,0.9747991561889648,0.057060156017541885,0.08083564043045044,-8.118515014648438,0.07460618019104004,168.1110382080078,0.06560315191745758,54.02177047729492
2.0,0.02,6,67.93415832519531,0.9901152849197388,67.93415832519531,0.9771666526794434,-0.4426705539226532,0.15034550428390503,5.80368709564209,0.0826142355799675,36.63867950439453,0.08019303530454636,-7.910797119140625
2.0,0.02,7,48.267574310302734,0.9916056990623474,48.26757049560547,0.9837851524353027,-2.790409564971924,0.07119141519069672,0.037153229117393494,0.0688149482011795,167.8929443359375,0.06679897010326385,158.95468139648438
2.0,0.03,0,74.05022430419922,0.986151397228241,74.05023193359375,0.9748380780220032,0.6187081336975098,0.08306529372930527,-8.333257675170898,0.06663791090250015,166.54782104492188,0.06235552206635475,161.0032958984375
2.0,0.03,1,73.89620208740234,0.9863942265510559,73.89620208740234,0.9748880863189697,0.31765487790107727,0.0812072828412056,38.62517547607422,0.06748497486114502,166.8413848876953,0.0635368674993515,-10.674105644226074
2.0,0.03,2,74.10357666015625,0.986422061920166,74.10357666015625,0.97605299949646,0.5138693451881409,0.08327115327119827,-6.111305236816406,0.07006070762872696,167.62294006347656,0.06881141662597656,46.648780822753906
2.0,0.03,3,73.97772979736328,0.987012505531311,73.97772979736328,0.9757912755012512,0.5348538756370544,0.08122319728136063,42.69277572631836,0.08052701503038406,-5.935066223144531,0.06562492996454239,167.16395568847656
2.0,0.03,4,74.20687103271484,0.9859830141067505,74.20686340332031,0.9761382937431335,0.5514901280403137,0.08375369757413864,-6.474369049072266,0.07132256776094437,47.720027923583984,0.062125686556100845,170.50390625
2.0,0.03,5,74.54170989990234,0.9856681823730469,74.54170989990234,0.9752453565597534,0.807739794254303,0.08649423718452454,-6.3428497314453125,0.07059162110090256,168.68910217285156,0.0633874163031578,-12.114479064941406
2.0,0.03,6,74.33539581298828,0.9861950874328613,74.33539581298828,0.9755192995071411,0.5321727395057678,0.08465192466974258,-8.919997215270996,0.06261970847845078,166.67428588867188,0.060668863356113434,159.39906311035156
2.0,0.03,7,45.23463821411133,0.9939289093017578,95.84856414794922,0.9917493462562561,45.23463821411133,0.9858059287071228,-4.195123672485352,0.08211851119995117,39.30531692504883,0.06708984076976776,1.8411234617233276
5.0,0.005,0,46.48151397705078,0.991363525390625,46.48151397705078,0.9831277132034302,-1.5513888597488403,0.07064308226108551,0.016992544755339622,0.06565118581056595,167.2463836669922,0.0552111491560936,-3.236010789871216
5.0,0.005,1,46.34830856323242,0.9912084937095642,46.34830856323242,0.9839935302734375,-1.5071924924850464,0.05997130647301674,167.04647827148438,0.052950430661439896,50.534706115722656,0.05187287554144859,60.290653228759766
5.0,0.005,2,46.54647445678711,0.9912352561950684,46.54647445678711,0.9827754497528076,-1.6541520357131958,0.06691932678222656,168.1964569091797,0.06650087982416153,-4.318572998046875,0.055073536932468414,-9.045734405517578
5.0,0.005,3,46.32219696044922,0.9916588068008423,46.32218933105469,0.9840608835220337,-1.7969785928726196,0.09587220847606659,158.92660522460938,0.08035619556903839,38.664241790771484,0.07312007993459702,1.3132867813110352
5.0,0.005,4,46.53871154785156,0.9916889071464539,46.53871154785156,0.983526349067688,-1.5107920169830322,0.0820937231183052,42.35055160522461,0.06235533580183983,168.09019470214844,0.05494701862335205,62.42601776123047
5.0,0.005,5,46.52933120727539,0.991336464881897,46.52933120727539,0.9838402271270752,-2.0044281482696533,0.08574240654706955,38.98915481567383,0.07550258934497833,-0.27170658111572266,0.06326755881309509,169.48565673828125
5.0,0.005,6,46.411415100097656,0.9919295907020569,46.41141891479492,0.9848693013191223,-1.7542539834976196,0.26344966888427734,131.8463134765625,0.05550217628479004,-8.12559700012207,0.054983995854854584,171.11227416992188
5.0,0.005,7,46.482635498046875,0.9914490580558777,46.482635498046875,0.9843314290046692,-1.8315421342849731,0.082747682929039,38.94921875,0.070285864174366,-0.042873408645391464,0.06938868761062622,170.17474365234375
5.0,0.01,0,47.03074264526367,0.9912168383598328,47.03074264526367,0.9836495518684387,-1.9062445163726807,0.08315040916204453,40.05331802368164,0.06635703891515732,-8.19880485534668,0.057187698781490326,170.0897979736328
5.0,0.01,1,47.22605514526367,0.9911155104637146,47.22605514526367,0.9830449223518372,-1.8831743001937866,0.0834241658449173,38.70102310180664,0.06585218757390976,167.69422912597656,0.0657702311873436,-8.938065528869629
5.0,0.01,2,46.921478271484375,0.9913761615753174,46.921478271484375,0.9829576015472412,-2.0077762603759766,0.06843381375074387,1.3656481504440308,0.0662280023097992,167.59344482421875,0.059827107936143875,55.88799285888672
5.0,0.01,3,47.24388122558594,0.991195023059845,47.24388122558594,0.9839704632759094,-1.9952406883239746,0.07980979233980179,37.79081726074219,0.07087655365467072,-1.258593201637268,0.058107320219278336,-6.6337504386901855
5.0,0.01,4,47.0149040222168,0.9912542700767517,47.0149040222168,0.9843495488166809,-1.9458224773406982,0.08369074016809464,40.335777282714844,0.0710492804646492,-2.644597291946411,0.06739985942840576,165.43406677246094
5.0,0.01,5,46.925628662109375,0.991509735584259,46.925628662109375,0.9841848611831665,-1.7557213306427002,0.08582720160484314,40.086936950683594,0.06427319347858429,165.89830017089844,0.054267767816782,60.57559585571289
5.0,0.01,6,46.9410285949707,0.9915472865104675,46.94102478027344,0.9831493496894836,-1.7924904823303223,0.08082422614097595,42.71868896484375,0.06808532029390335,168.8963165283203,0.06639687716960907,-4.8636250495910645
5.0,0.01,7,47.115447998046875,0.9917013645172119,47.115447998046875,0.9831394553184509,-1.6942764520645142,0.0630025640130043,-7.111074924468994,0.060757484287023544,57.56364822387695,0.06043889746069908,168.42953491210938
5.0,0.02,0,46.4720344543457,0.9924798607826233,46.4720344543457,0.9875714778900146,-2.5531651973724365,0.06296446174383163,-2.6610066890716553,0.06269310414791107,163.89999389648438,0.05893977731466293,61.271728515625
5.0,0.02,1,70.43034362792969,0.9882740378379822,70.43034362792969,0.9765645265579224,0.24393466114997864,0.06266096234321594,-15.709245681762695,0.060087721794843674,-28.55316734313965,0.05725180730223656,24.431583404541016
5.0,0.02,2,45.989078521728516,0.994257390499115,91.63378143310547,0.9918450117111206,45.98907470703125,0.983961820602417,-1.7323274612426758,0.08221084624528885,39.667579650878906,0.07144419848918915,2.306943655014038
5.0,0.02,3,65.31239318847656,0.9911683201789856,65.31239318847656,0.9782841205596924,-0.5047387480735779,0.08001641184091568,-4.958547592163086,0.06260637938976288,-7.899956703186035,0.06143663451075554,169.04315185546875
5.0,0.02,4,66.10926818847656,0.991184651851654,66.10926818847656,0.9774919748306274,-0.45992717146873474,0.06916289031505585,-157.95745849609375,0.061397735029459,55.81464767456055,0.05912519618868828,165.47747802734375
5.0,0.02,5,66.67024230957031,0.9906183481216431,66.67024230957031,0.9789150953292847,-0.5512445569038391,0.14020013809204102,104.46604919433594,0.08260074257850647,38.843231201171875,0.08128926157951355,-5.164092063903809
5.0,0.02,6,74.8694076538086,0.9864053726196289,74.8694076538086,0.973606526851654,1.191185712814331,0.11058051139116287,-98.17023468017578,0.07640951871871948,-5.320672512054443,0.06627628207206726,170.60733032226562
5.0,0.02,7,66.56941986083984,0.9898433089256287,66.56941223144531,0.978654682636261,-0.4443732798099518,0.08206373453140259,41.92140197753906,0.06511316448450089,-8.82636833190918,0.06186870485544205,-27.890317916870117
5.0,0.03,0,73.9251708984375,0.9864381551742554,73.9251708984375,0.9765896797180176,0.5523046851158142,0.0809057205915451,-4.453312873840332,0.064829982817173,166.8264923095703,0.06448554992675781,53.97627639770508
5.0,0.03,1,73.9676513671875,0.9864539504051208,73.9676513671875,0.9765485525131226,0.34585073590278625,0.0819469466805458,38.17350769042969,0.07899854332208633,-7.804765224456787,0.0643782839179039,166.1240234375
5.0,0.03,2,74.30744934082031,0.9864198565483093,74.30744934082031,0.9759372472763062,0.9678298234939575,0.07058296352624893,169.3743438720703,0.06217704340815544,55.54949188232422,0.06175260618329048,-11.893083572387695
5.0,0.03,3,73.83447265625,0.987067461013794,73.83447265625,0.9752330780029297,0.5681596994400024,0.06639281660318375,166.23780822753906,0.06326538324356079,160.19647216796875,0.057548437267541885,67.05004119873047
5.0,0.03,4,73.73320770263672,0.98697429895401,73.73320770263672,0.9759185910224915,0.49946895241737366,0.08358297497034073,43.02635955810547,0.07857232540845871,-6.767817974090576,0.0695078894495964,167.7205352783203
5.0,0.03,5,74.0840835571289,0.9864525198936462,74.0840835571289,0.9759424924850464,0.5508516430854797,0.0809360146522522,39.814491271972656,0.07935727387666702,-5.258825778961182,0.06576932966709137,167.4510040283203
5.0,0.03,6,74.41698455810547,0.9854854345321655,74.41698455810547,0.975577175617218,0.6437922716140747,0.08125809580087662,-5.233319282531738,0.060502488166093826,-27.832990646362305,0.05915607511997223,-20.016992568969727
5.0,0.03,7,84.32106018066406,0.9820019602775574,84.32106018066406,0.9716101884841919,-1.340141773223877,0.12335129827260971,132.1633758544922,0.08114409446716309,38.090755462646484,0.06050344556570053,-13.968158721923828
10.0,0.005,0,46.44221878051758,0.9911181926727295,46.442222595214844,0.9850509762763977,-1.4069195985794067,0.09082353860139847,152.70350646972656,0.06801117956638336,2.5670878887176514,0.06484565138816833,167.2270050048828
10.0,0.005,1,46.36270523071289,0.9920055866241455,46.36270523071289,0.9851348400115967,-1.5602352619171143,0.08798148483037949,38.98080062866211,0.05602850019931793,168.74708557128906,0.055922459810972214,-3.9050028324127197
10.0,0.005,2,46.327735900878906,0.9917716383934021,46.327735900878906,0.9861738681793213,-1.5482932329177856,0.07460551708936691,1.4819366931915283,0.05998947098851204,29.429256439208984,0.05604484677314758,63.26052474975586
10.0,0.005,3,83.85436248779297,0.9798095226287842,83.85436248779297,0.970495879650116,-2.3061230182647705,0.08504807204008102,39.119449615478516,0.07797569036483765,-6.862386226654053,0.06149691343307495,-7.1622114181518555
10.0,0.005,4,46.45730209350586,0.9921279549598694,46.45730209350586,0.9846830368041992,-1.5886479616165161,0.06798753142356873,1.1809372901916504,0.05715862289071083,66.14369201660156,0.056138183921575546,-6.029317855834961
10.0,0.005,5,46.32139587402344,0.9916475415229797,46.32139587402344,0.985435962677002,-1.6454026699066162,0.05990700423717499,28.489185333251953,0.05755450949072838,-4.987758159637451,0.05467613786458969,-12.931151390075684
10.0,0.005,6,46.392601013183594,0.9916592240333557,46.392601013183594,0.9837855696678162,-1.581661343574524,0.057686928659677505,-5.949223041534424,0.05447123199701309,56.728553771972656,0.054001227021217346,-21.573328018188477
10.0,0.005,7,84.09166717529297,0.9804359674453735,84.09166717529297,0.971155047416687,-2.176547050476074,0.08528875559568405,42.553077697753906,0.07889353483915329,-5.420712947845459,0.06085360795259476,71.4334716796875
10.0,0.01,0,47.00190353393555,0.991718053817749,47.00190353393555,0.983163058757782,-1.6073235273361206,0.21670477092266083,143.30938720703125,0.12003505975008011,-45.2705078125,0.08145013451576233,36.10069274902344
10.0,0.01,1,46.679683685302734,0.9915255904197693,46.679683685302734,0.9844180345535278,-1.8567837476730347,0.07998950779438019,39.446468353271484,0.07532566040754318,1.293034315109253,0.05835757032036781,168.43833923339844
10.0,0.01,2,46.843502044677734,0.9913492202758789,46.843502044677734,0.983361542224884,-2.051624298095703,0.08315958082675934,40.260704040527344,0.0694832056760788,0.41284453868865967,0.05489421635866165,61.02521514892578
10.0,0.01,3,46.95819854736328,0.9912709593772888,46.95819854736328,0.9829949140548706,-2.025988817214966,0.08236273378133774,37.7804069519043,0.06388428807258606,-7.76246976852417,0.05876879021525383,159.85443115234375
10.0,0.01,4,46.86455535888672,0.9910235404968262,46.86455154418945,0.9830771088600159,-1.99177086353302,0.08153193444013596,41.94575881958008,0.06557481735944748,166.29107666015625,0.05982184410095215,-6.377858638763428
10.0,0.01,5,46.831443786621094,0.9915328621864319,46.83143997192383,0.9833166003227234,-1.9988977909088135,0.08696746826171875,39.244571685791016,0.05757541209459305,169.9259033203125,0.0567597895860672,62.2973518371582
10.0,0.01,6,46.999080657958984,0.9912267923355103,46.99907684326172,0.9840137362480164,-1.8696584701538086,0.06912627071142197,-0.12629453837871552,0.06286323815584183,164.3538360595703,0.053627822548151016,-12.331679344177246
10.0,0.01,7,46.739158630371094,0.9911124110221863,46.739158630371094,0.984289288520813,-1.4376752376556396,0.1567271649837494,-159.23179626464844,0.055865880101919174,56.72809600830078,0.05406254157423973,168.15213012695312
10.0,0.02,0,68.39918518066406,0.9894914031028748,68.39918518066406,0.9773170948028564,-0.033017467707395554,0.08513909578323364,-3.6406126022338867,0.06312181800603867,168.25735473632812,0.06047549098730087,159.43643188476562
10.0,0.02,1,67.2509994506836,0.9907754063606262,67.2509994506836,0.9777811169624329,-0.12161243706941605,0.08143318444490433,39.69611740112305,0.0785091295838356,-5.316163539886475,0.06621135026216507,-9.93313980102539
10.0,0.02,2,65.60355377197266,0.9912403225898743,65.60355377197266,0.9788074493408203,-0.4332059621810913,0.11472317576408386,-121.96581268310547,0.08206886053085327,-1.6272902488708496,0.05633344501256943,166.12881469726562
10.0,0.02,3,69.0938949584961,0.9887747764587402,69.0938949584961,0.9772907495498657,-0.14614270627498627,0.08316878229379654,42.17962646484375,0.08011084794998169,-6.508771896362305,0.0633997842669487,170.07473754882812
10.0,0.02,4,69.06558990478516,0.9888098239898682,69.06558990478516,0.9755890369415283,0.053787924349308014,0.07050119340419769,166.8949432373047,0.0626300722360611,-27.046098709106445,0.05883704870939255,159.7627410888672
10.0,0.02,5,66.84420776367188,0.9914687275886536,66.84420776367188,0.9792045950889587,-0.13099664449691772,0.16829834878444672,-42.76820755004883,0.08446657657623291,39.89585494995117,0.07746150344610214,-3.322134256362915
10.0,0.02,6,84.30677032470703,0.9817163944244385,84.30677032470703,0.970353364944458,-2.1813626289367676,0.08513196557760239,39.70601272583008,0.0809764713048935,-3.078101634979248,0.06649424880743027,-10.559896469116211
10.0,0.02,7,67.06863403320312,0.9900351762771606,67.06863403320312,0.9788839817047119,-0.4567965567111969,0.08100154250860214,-5.975054740905762,0.0661010667681694,165.53929138183594,0.06253530085086823,-8.710836410522461
10.0,0.03,0,73.55279541015625,0.9879507422447205,73.55279541015625,0.9763544201850891,0.5621981620788574,0.08242761343717575,38.649742126464844,0.06753789633512497,169.19398498535156,0.0640631765127182,-11.95073413848877
10.0,0.03,1,73.39759063720703,0.9884438514709473,73.39759826660156,0.9763668775558472,0.6376943588256836,0.08254266530275345,38.887081146240234,0.07950498163700104,-5.187705993652344,0.05881791189312935,159.50160217285156
10.0,0.03,2,74.46588134765625,0.9864400029182434,74.46587371826172,0.9769763946533203,0.767497181892395,0.08776485919952393,38.499996185302734,0.0805082693696022,-6.544654846191406,0.06317314505577087,-26.2858943939209
10.0,0.03,3,72.33140563964844,0.9892881512641907,72.33141326904297,0.9760020971298218,0.3852344751358032,0.166473388671875,120.6961898803711,0.11021694540977478,50.60883712768555,0.07886608690023422,-3.681305170059204
10.0,0.03,4,85.23956298828125,0.982056200504303,85.23956298828125,0.9730109572410583,-1.4759465456008911,0.0883466824889183,39.1655387878418,0.06893376260995865,165.6111602783203,0.060371506959199905,-6.676393032073975
10.0,0.03,5,73.5766830444336,0.9870266318321228,73.5766830444336,0.9766179919242859,0.6391761898994446,0.08100692182779312,-3.720248222351074,0.06332665681838989,167.80247497558594,0.06057917699217796,-11.364697456359863
10.0,0.03,6,73.31352233886719,0.9876107573509216,73.31352233886719,0.9772433042526245,0.45828279852867126,0.08642198890447617,-4.176137924194336,0.0790189653635025,34.340003967285156,0.06745509058237076,168.22055053710938
10.0,0.03,7,73.79267883300781,0.9867866635322571,73.79267883300781,0.9768677949905396,0.8328978419303894,0.06500624865293503,167.5412139892578,0.06344892084598541,-17.013906478881836,0.06340460479259491,-8.149640083312988
20.0,0.005,0,46.41933059692383,0.9922940135002136,46.41933059692383,0.9843217730522156,-1.718941569328308,0.08868985623121262,-23.423368453979492,0.08087582141160965,39.959041595458984,0.06855346262454987,1.1320013999938965
20.0,0.005,1,46.437992095947266,0.9916996359825134,46.4379997253418,0.9847926497459412,-1.8325892686843872,0.0802391842007637,38.576900482177734,0.05765531212091446,167.72085571289062,0.05691790208220482,-6.729947566986084
20.0,0.005,2,85.03900146484375,0.9798615574836731,85.03900146484375,0.9715259671211243,-1.8265371322631836,0.08529043197631836,-5.7254719734191895,0.06460785120725632,-12.672093391418457,0.06042833626270294,-6.651255130767822
20.0,0.005,3,47.088958740234375,0.9858580827713013,47.088951110839844,0.9839258193969727,-41.23461151123047,0.10496759414672852,-100.17922973632812,0.08479489386081696,41.25613784790039,0.06736868619918823,1.9934865236282349
20.0,0.005,4,46.2619514465332,0.991907000541687,46.2619514465332,0.9873290061950684,-1.877240538597107,0.1574740707874298,-56.748138427734375,0.07287487387657166,2.708521604537964,0.057432517409324646,56.5168342590332
20.0,0.005,5,46.36851501464844,0.9919407367706299,46.36851501464844,0.9848612546920776,-1.3730642795562744,0.27573123574256897,-118.02483367919922,0.22408722341060638,-47.02607345581055,0.07722827792167664,32.81351089477539
20.0,0.005,6,46.57061767578125,0.9923169612884521,46.57061767578125,0.9838057160377502,-1.674743890762329,0.1916111558675766,127.88887023925781,0.14696304500102997,-121.11576080322266,0.07872902601957321,34.64916229248047
20.0,0.005,7,46.45096969604492,0.992949366569519,46.450965881347656,0.9859992265701294,-1.7041302919387817,0.27848443388938904,144.86358642578125,0.18224181234836578,-117.68018341064453,0.07272067666053772,6.166987895965576
20.0,0.01,0,46.875022888183594,0.9926625490188599,46.87502670288086,0.9854468107223511,-1.6454230546951294,0.11671505123376846,-49.56303787231445,0.06527326256036758,3.7789392471313477,0.05157671496272087,27.05933952331543
20.0,0.01,1,46.966163635253906,0.9919607043266296,46.96615982055664,0.982572615146637,-1.53670334815979,0.12031508982181549,168.8367919921875,0.08251339942216873,39.05988693237305,0.05667416378855705,-8.793156623840332
20.0,0.01,2,46.779502868652344,0.9924843311309814,46.779502868652344,0.9873105883598328,-1.8594379425048828,0.10134772956371307,85.7676010131836,0.08233919739723206,37.541873931884766,0.06684616208076477,5.508620262145996
20.0,0.01,3,46.9031982421875,0.9921733736991882,46.903194427490234,0.9843863248825073,-1.759633183479309,0.07410193979740143,2.208000421524048,0.06144726276397705,-87.8501968383789,0.05774010717868805,-1.4798413515090942
20.0,0.01,4,46.74359893798828,0.9913941621780396,46.74359893798828,0.9861688017845154,-1.952357292175293,0.08323866873979568,34.009342193603516,0.057981740683317184,-6.164419174194336,0.05373937264084816,164.1482696533203
20.0,0.01,5,47.62102508544922,0.9859941601753235,47.62102508544922,0.9830852150917053,-40.51469039916992,0.09094592928886414,40.08017349243164,0.06916320323944092,3.3091208934783936,0.06418568640947342,64.63117218017578
20.0,0.01,6,46.84196090698242,0.9920126795768738,46.84196090698242,0.9864144921302795,-1.847501516342163,0.08130872994661331,37.221595764160156,0.07212840020656586,-0.24935604631900787,0.05272473022341728,158.72506713867188
20.0,0.01,7,46.96044921875,0.991151750087738,46.96044921875,0.9846342206001282,-1.762172818183899,0.058882761746644974,-6.564248085021973,0.05610353499650955,166.57249450683594,0.055676717311143875,-9.641357421875
20.0,0.02,0,68.37565612792969,0.9900157451629639,68.37565612792969,0.9781447052955627,-0.08246218413114548,0.0811881348490715,35.02738571166992,0.07530589401721954,-4.489648818969727,0.06618878245353699,163.60765075683594
20.0,0.02,1,56.57923889160156,0.9923861026763916,56.57923889160156,0.9809021353721619,-1.5092567205429077,0.0798460990190506,-4.6368207931518555,0.0640205517411232,156.49237060546875,0.06163240596652031,-14.227212905883789
20.0,0.02,2,67.05131530761719,0.9907611608505249,67.05131530761719,0.9775880575180054,-0.25841519236564636,0.06684982031583786,-8.260900497436523,0.0646340399980545,-26.096240997314453,0.06038850545883179,166.7482147216797
20.0,0.02,3,65.40589141845703,0.9920052886009216,65.40589141845703,0.9774328470230103,-0.3226253092288971,0.15420867502689362,31.835023880004883,0.08091128617525101,-3.548823356628418,0.06353887915611267,166.03121948242188
20.0,0.02,4,67.05040740966797,0.9894390106201172,67.05040740966797,0.9769704341888428,-0.2720736861228943,0.08246032893657684,-6.566209316253662,0.06144655495882034,169.534912109375,0.060204338282346725,-25.140037536621094
20.0,0.02,5,46.08384704589844,0.995474636554718,91.62435913085938,0.9931124448776245,46.08384704589844,0.9856256246566772,-1.6431353092193604,0.10071425139904022,130.909423828125,0.05354788526892662,51.76422119140625
20.0,0.02,6,84.9996337890625,0.9792832732200623,84.9996337890625,0.9707437753677368,-1.8906638622283936,0.08689898252487183,41.96788787841797,0.07633473724126816,-3.4178123474121094,0.0630921721458435,-6.141022682189941
20.0,0.02,7,66.54364776611328,0.9913133978843689,66.54364013671875,0.9778951406478882,-0.4128551781177521,0.37478628754615784,-69.29765319824219,0.08206898719072342,39.320396423339844,0.06913453340530396,168.15447998046875
20.0,0.03,0,85.75349426269531,0.9812377095222473,85.75349426269531,0.9721661806106567,-1.413596510887146,0.13486669957637787,157.4282684326172,0.07913153618574142,-3.8244354724884033,0.06302548199892044,-6.436717987060547
20.0,0.03,1,72.9825439453125,0.9881086349487305,72.9825439453125,0.9758417010307312,0.7579596042633057,0.1613703817129135,-119.98139953613281,0.08508226275444031,41.71907043457031,0.07426749169826508,-4.405771255493164
20.0,0.03,2,72.47130584716797,0.9901615381240845,72.47129821777344,0.9777581691741943,0.54025799036026,0.15943577885627747,163.5349578857422,0.1192755475640297,127.05449676513672,0.08584539592266083,35.108551025390625
20.0,0.03,3,72.89642333984375,0.9894413948059082,72.89642333984375,0.9742723703384399,0.4973377287387848,0.11744240671396255,-94.7464828491211,0.0819288045167923,34.26950454711914,0.07750699669122696,-3.984844207763672
20.0,0.03,4,73.67878723144531,0.9886487126350403,73.67877960205078,0.9781661033630371,0.46237483620643616,0.19506901502609253,-131.91952514648438,0.06280682981014252,-24.23328971862793,0.06256464868783951,161.6956329345703
20.0,0.03,5,73.58850860595703,0.9873272776603699,73.58850860595703,0.9775826930999756,0.8035451769828796,0.10500088334083557,-168.5167999267578,0.0819520354270935,33.01575469970703,0.07546434551477432,-1.5259724855422974
20.0,0.03,6,74.13980102539062,0.9868159294128418,74.13980102539062,0.9778275489807129,0.5317572951316833,0.08426336199045181,36.01801681518555,0.07782269269227982,-4.443373680114746,0.0697690024971962,166.12391662597656
20.0,0.03,7,73.09245300292969,0.9871838688850403,73.09245300292969,0.9769795536994934,0.5316770076751709,0.0968969464302063,-43.843780517578125,0.08772284537553787,40.38896179199219,0.07955216616392136,-5.231916904449463
